"dataset";"id";"nome";"asl";"stato_v7_6";"data_riesame_parziale";"campi_riesaminati";"fonti_riesame";"data_originale";"note"
"rete";"R1-01";"DSM Roma 1 — riferimento organizzativo";"ASL Roma 1";"non_riesaminato";"";"";"";"2026-09-19";""
"rete";"R1-02";"CSM Plinio";"ASL Roma 1";"riesame_parziale";"2026-09-21";"telefono | orari";"https://www.aslroma1.it/salute-mentale | https://www.aslroma1.it/presidi-territoriali/centro-di-salute-mentale-plinio";"2026-09-19";"Contatti e orari riscontrati; altre informazioni del record non riesaminate. Eventuali calendari alternati non sono proiettati automaticamente al 2026/27."
"rete";"R1-03";"CSM Palestro";"ASL Roma 1";"riesame_parziale";"2026-09-21";"telefono | orari";"https://www.aslroma1.it/salute-mentale";"2026-09-19";"Contatti e orari riscontrati; altre informazioni del record non riesaminate. Eventuali calendari alternati non sono proiettati automaticamente al 2026/27."
"rete";"R1-04";"CSM Sabrata";"ASL Roma 1";"riesame_parziale";"2026-09-21";"telefono | orari";"https://www.aslroma1.it/salute-mentale";"2026-09-19";"Contatti e orari riscontrati; altre informazioni del record non riesaminate. Eventuali calendari alternati non sono proiettati automaticamente al 2026/27."
"rete";"R1-05";"Presidio Boemondo";"ASL Roma 1";"riesame_parziale";"2026-09-21";"telefono | orari";"https://www.aslroma1.it/salute-mentale";"2026-09-19";"Contatti e orari riscontrati; altre informazioni del record non riesaminate. Eventuali calendari alternati non sono proiettati automaticamente al 2026/27."
"rete";"R1-06";"CSM Monte Tomatico";"ASL Roma 1";"riesame_parziale";"2026-09-21";"telefono | orari";"https://www.aslroma1.it/salute-mentale";"2026-09-19";"Contatti e orari riscontrati; altre informazioni del record non riesaminate. Eventuali calendari alternati non sono proiettati automaticamente al 2026/27."
"rete";"R1-07";"CSM Farulli";"ASL Roma 1";"riesame_parziale";"2026-09-21";"telefono | orari";"https://www.aslroma1.it/salute-mentale";"2026-09-19";"Contatti e orari riscontrati; altre informazioni del record non riesaminate. Eventuali calendari alternati non sono proiettati automaticamente al 2026/27."
"rete";"R1-08";"CSM Boccea";"ASL Roma 1";"riesame_parziale";"2026-09-21";"telefono | orari";"https://www.aslroma1.it/salute-mentale | https://www.aslroma1.it/presidi-territoriali/centro-salute-mentale-boccea";"2026-09-19";"Incongruenza tra due fonti istituzionali. Nessuna apertura del sabato certificata dal progetto."
"rete";"R1-09";"CSM Innocenzo IV";"ASL Roma 1";"riesame_parziale";"2026-09-21";"telefono | orari";"https://www.aslroma1.it/salute-mentale";"2026-09-19";"Contatti e orari riscontrati; altre informazioni del record non riesaminate. Eventuali calendari alternati non sono proiettati automaticamente al 2026/27."
"rete";"R1-10";"CSM Gasparri";"ASL Roma 1";"riesame_parziale";"2026-09-21";"telefono | orari";"https://www.aslroma1.it/salute-mentale";"2026-09-19";"Contatti e orari riscontrati; altre informazioni del record non riesaminate. Eventuali calendari alternati non sono proiettati automaticamente al 2026/27."
"rete";"R1-11";"CSM Ventura";"ASL Roma 1";"riesame_parziale";"2026-09-21";"telefono | orari";"https://www.aslroma1.it/salute-mentale";"2026-09-19";"Contatti e orari riscontrati; altre informazioni del record non riesaminate. Eventuali calendari alternati non sono proiettati automaticamente al 2026/27."
"rete";"R1-12";"CSM Antonino Di Giorgio";"ASL Roma 1";"riesame_parziale";"2026-09-21";"telefono | orari";"https://www.aslroma1.it/salute-mentale";"2026-09-19";"Contatti e orari riscontrati; altre informazioni del record non riesaminate. Eventuali calendari alternati non sono proiettati automaticamente al 2026/27."
"rete";"R1-13";"SerD Riari";"ASL Roma 1";"non_riesaminato";"";"";"";"2026-09-19";""
"rete";"R1-14";"Nuove Dipendenze — sede temporanea Palestro";"ASL Roma 1";"non_riesaminato";"";"";"";"2026-09-19";""
"rete";"R1-15";"SerD Nomentana";"ASL Roma 1";"non_riesaminato";"";"";"";"2026-09-19";""
"rete";"R1-16";"SerD Montesacro";"ASL Roma 1";"non_riesaminato";"";"";"";"2026-09-19";""
"rete";"R1-17";"SerD Marcigliana";"ASL Roma 1";"non_riesaminato";"";"";"";"2026-09-19";""
"rete";"R1-18";"SerD Santa Maria della Pietà";"ASL Roma 1";"non_riesaminato";"";"";"";"2026-09-19";""
"rete";"R1-19";"Polo Integrato Salute Mentale Cassia";"ASL Roma 1";"non_riesaminato";"";"";"";"2026-09-19";""
"rete";"R1-20";"PIPSM Plinio Polo Ovest";"ASL Roma 1";"non_riesaminato";"";"";"";"2026-09-19";""
"rete";"R1-21";"PIPSM Sabrata Polo Est";"ASL Roma 1";"non_riesaminato";"";"";"";"2026-09-19";""
"rete";"R1-22";"Coordinamento sportelli Scuola-Salute";"ASL Roma 1";"non_riesaminato";"";"";"";"2026-09-19";""
"rete";"R2-01";"DSM Roma 2 — coordinamento";"ASL Roma 2";"riesame_parziale";"2026-09-21";"indirizzo | telefono | email";"https://www.aslroma2.it/attachements/j4/com_content.article/Guida-Servizi-DSM-FINALE-21-11-2025.pdf";"2026-09-19";"Riferimento della direzione nella Carta 2025; non sportello di prenotazione clinica."
"rete";"R2-02";"CSM Bardanzellu";"ASL Roma 2";"riesame_parziale";"2026-09-21";"indirizzo | telefono | email | orari | accesso";"https://www.aslroma2.it/attachements/j4/com_content.article/Guida-Servizi-DSM-FINALE-21-11-2025.pdf";"2026-09-19";"Rilettura documentale della Carta 2025: non attestazione del rinnovo operativo 2026. Orario di apertura distinto dall’accesso diretto."
"rete";"R2-03";"CSM Casilina";"ASL Roma 2";"riesame_parziale";"2026-09-21";"indirizzo | telefono | email | orari | accesso";"https://www.aslroma2.it/attachements/j4/com_content.article/Guida-Servizi-DSM-FINALE-21-11-2025.pdf";"2026-09-19";"Rilettura documentale della Carta 2025: non attestazione del rinnovo operativo 2026. Orario di apertura distinto dall’accesso diretto."
"rete";"R2-04";"CSM Eucalipti";"ASL Roma 2";"riesame_parziale";"2026-09-21";"indirizzo | telefono | email | orari | accesso";"https://www.aslroma2.it/attachements/j4/com_content.article/Guida-Servizi-DSM-FINALE-21-11-2025.pdf";"2026-09-19";"Rilettura documentale della Carta 2025: non attestazione del rinnovo operativo 2026. Orario di apertura distinto dall’accesso diretto."
"rete";"R2-05";"CSM Torre Spaccata";"ASL Roma 2";"riesame_parziale";"2026-09-21";"indirizzo | telefono | email | orari | accesso";"https://www.aslroma2.it/attachements/j4/com_content.article/Guida-Servizi-DSM-FINALE-21-11-2025.pdf";"2026-09-19";"Rilettura documentale della Carta 2025: non attestazione del rinnovo operativo 2026. Orario di apertura distinto dall’accesso diretto."
"rete";"R2-06";"CSM Monza";"ASL Roma 2";"riesame_parziale";"2026-09-21";"indirizzo | telefono | email | orari | accesso";"https://www.aslroma2.it/attachements/j4/com_content.article/Guida-Servizi-DSM-FINALE-21-11-2025.pdf";"2026-09-19";"Rilettura documentale della Carta 2025: non attestazione del rinnovo operativo 2026. Orario di apertura distinto dall’accesso diretto."
"rete";"R2-07";"CSM Cinecittà";"ASL Roma 2";"riesame_parziale";"2026-09-21";"indirizzo | telefono | email | orari | accesso";"https://www.aslroma2.it/attachements/j4/com_content.article/Guida-Servizi-DSM-FINALE-21-11-2025.pdf";"2026-09-19";"Rilettura documentale della Carta 2025: non attestazione del rinnovo operativo 2026. Orario di apertura distinto dall’accesso diretto."
"rete";"R2-08";"CSM Tosti";"ASL Roma 2";"riesame_parziale";"2026-09-21";"indirizzo | telefono | email | orari | accesso";"https://www.aslroma2.it/attachements/j4/com_content.article/Guida-Servizi-DSM-FINALE-21-11-2025.pdf";"2026-09-19";"Rilettura documentale della Carta 2025: non attestazione del rinnovo operativo 2026. Orario di apertura distinto dall’accesso diretto."
"rete";"R2-09";"CSM Orio Vergani";"ASL Roma 2";"riesame_parziale";"2026-09-21";"indirizzo | telefono | email | orari | accesso";"https://www.aslroma2.it/attachements/j4/com_content.article/Guida-Servizi-DSM-FINALE-21-11-2025.pdf";"2026-09-19";"Rilettura documentale della Carta 2025: non attestazione del rinnovo operativo 2026. Orario di apertura distinto dall’accesso diretto."
"rete";"R2-10";"SerD Distretto 4 — ospitato altrove";"ASL Roma 2";"non_riesaminato";"";"";"";"2026-09-19";""
"rete";"R2-11";"SerD Distretto 5";"ASL Roma 2";"non_riesaminato";"";"";"";"2026-09-19";""
"rete";"R2-12";"SerD Distretto 6";"ASL Roma 2";"non_riesaminato";"";"";"";"2026-09-19";""
"rete";"R2-13";"SerD Distretto 7";"ASL Roma 2";"riesame_parziale";"2026-09-21";"indirizzo | telefono | email | accesso | orari";"https://www.aslroma2.it/attachements/j4/com_content.article/Guida-Servizi-DSM-FINALE-21-11-2025.pdf";"2026-09-19";"Orario unificato dalle due fasce sovrapposte esplicitamente riportate per mar/gio."
"rete";"R2-14";"SerD Distretto 8";"ASL Roma 2";"non_riesaminato";"";"";"";"2026-09-19";""
"rete";"R2-15";"SerD Distretto 9";"ASL Roma 2";"non_riesaminato";"";"";"";"2026-09-19";""
"rete";"R2-16";"Alcologia Appia Antica";"ASL Roma 2";"non_riesaminato";"";"";"";"2026-09-19";""
"rete";"R2-17";"SerD Rebibbia";"ASL Roma 2";"non_riesaminato";"";"";"";"2026-09-19";""
"rete";"R3-01";"Direzione DSM Roma 3";"ASL Roma 3";"riesame_parziale";"2026-09-21";"indirizzo | telefono | email";"https://www.aslroma3.it/dipartimenti/dipartimento-di-salute-mentale/";"2026-09-19";""
"rete";"R3-02";"CSM Ostia";"ASL Roma 3";"non_riesaminato";"";"";"";"2026-09-19";""
"rete";"R3-03";"CSM Acilia — ambulatorio decentrato";"ASL Roma 3";"non_riesaminato";"";"";"";"2026-09-19";""
"rete";"R3-04";"CSM Fiumicino";"ASL Roma 3";"non_riesaminato";"";"";"";"2026-09-19";""
"rete";"R3-05";"CSM Municipio XI — Portuense";"ASL Roma 3";"non_riesaminato";"";"";"";"2026-09-19";""
"rete";"R3-06";"CSM Municipio XII — Giovagnoli";"ASL Roma 3";"non_riesaminato";"";"";"";"2026-09-19";""
"rete";"R3-07";"SerD Tagaste";"ASL Roma 3";"non_riesaminato";"";"";"";"2026-09-19";""
"rete";"R3-08";"SerD Casaletto";"ASL Roma 3";"non_riesaminato";"";"";"";"2026-09-19";""
"rete";"R3-09";"Sportello Ascolto Giovani Dipendenze — Fiumicino";"ASL Roma 3";"non_riesaminato";"";"";"";"2026-09-19";""
"rete";"R3-10";"Sportello Ascolto Giovani Dipendenze — Ostia";"ASL Roma 3";"non_riesaminato";"";"";"";"2026-09-19";""
"rete";"R3-11";"Sportello Ascolto Giovani Dipendenze — Colautti";"ASL Roma 3";"non_riesaminato";"";"";"";"2026-09-19";""
"rete";"R3-12";"PDTA fragilità minori e giovani — Lupatelli";"ASL Roma 3";"non_riesaminato";"";"";"";"2026-09-19";""
"rete";"R4-01";"Direzione DSM Roma 4";"ASL Roma 4";"non_riesaminato";"";"";"";"2026-09-19";""
"rete";"R4-02";"CSM Distretto 1 — Civitavecchia";"ASL Roma 4";"riesame_parziale";"2026-09-21";"indirizzo | telefono | email | orari | destinatari | accesso";"https://www.aslroma4.it/strutture-sanitarie/strutture-di-salute-mentale";"2026-09-19";"Requisiti di accesso dichiarati per tutti i CSM Roma 4. Non estesi automaticamente ad altre ASL."
"rete";"R4-03";"CSM Distretto 2 — Ladispoli";"ASL Roma 4";"riesame_parziale";"2026-09-21";"indirizzo | telefono | email | orari | destinatari | accesso";"https://www.aslroma4.it/strutture-sanitarie/strutture-di-salute-mentale";"2026-09-19";"Requisiti di accesso dichiarati per tutti i CSM Roma 4. Non estesi automaticamente ad altre ASL."
"rete";"R4-04";"CSM Distretto 3 — Bracciano";"ASL Roma 4";"riesame_parziale";"2026-09-21";"indirizzo | telefono | email | orari | destinatari | accesso";"https://www.aslroma4.it/strutture-sanitarie/strutture-di-salute-mentale";"2026-09-19";"Requisiti di accesso dichiarati per tutti i CSM Roma 4. Non estesi automaticamente ad altre ASL."
"rete";"R4-05";"CSM Distretto 4 — Morlupo";"ASL Roma 4";"riesame_parziale";"2026-09-21";"indirizzo | telefono | email | orari | destinatari | accesso";"https://www.aslroma4.it/strutture-sanitarie/strutture-di-salute-mentale";"2026-09-19";"Requisiti di accesso dichiarati per tutti i CSM Roma 4. Non estesi automaticamente ad altre ASL."
"rete";"R4-06";"SerD Civitavecchia";"ASL Roma 4";"non_riesaminato";"";"";"";"2026-09-19";""
"rete";"R4-07";"SerD Bracciano";"ASL Roma 4";"non_riesaminato";"";"";"";"2026-09-19";""
"rete";"R4-08";"SerD Capena";"ASL Roma 4";"non_riesaminato";"";"";"";"2026-09-19";""
"rete";"R5-01";"Direzione DSM-DP Roma 5";"ASL Roma 5";"non_riesaminato";"";"";"";"2026-09-19";""
"rete";"R5-02";"CSM Guidonia";"ASL Roma 5";"riesame_parziale";"2026-09-21";"indirizzo | telefono | email | orari";"https://www.aslroma5.it/dsmdp-dipartimento-di-salute-mentale-e-delle-dipendenze-patologiche/uos-csm-di-guidonia/";"2026-09-19";""
"rete";"R5-03";"CSM Monterotondo";"ASL Roma 5";"riesame_parziale";"2026-09-21";"indirizzo | telefono | email | orari";"https://www.aslroma5.it/dsmdp-dipartimento-di-salute-mentale-e-delle-dipendenze-patologiche/uos-csm-di-monterotondo/";"2026-09-19";""
"rete";"R5-04";"CSM Subiaco";"ASL Roma 5";"riesame_parziale";"2026-09-21";"indirizzo | telefono | email | orari";"https://www.aslroma5.it/dsmdp-dipartimento-di-salute-mentale-e-delle-dipendenze-patologiche/uoc-csm-subiaco-e-tivoli/uos-csm-di-subiaco/";"2026-09-19";""
"rete";"R5-05";"CSM Tivoli";"ASL Roma 5";"riesame_parziale";"2026-09-21";"indirizzo | telefono | email | orari";"https://www.aslroma5.it/dsmdp-dipartimento-di-salute-mentale-e-delle-dipendenze-patologiche/uoc-csm-subiaco-e-tivoli/uos-csm-di-tivoli/";"2026-09-19";""
"rete";"R5-06";"CSM Colleferro";"ASL Roma 5";"riesame_parziale";"2026-09-21";"indirizzo | telefono | email | orari";"https://www.aslroma5.it/dsmdp-dipartimento-di-salute-mentale-e-delle-dipendenze-patologiche/uoc-csm-di-colleferro-e-palestrina/uos-csm-di-colleferro/";"2026-09-19";""
"rete";"R5-07";"CSM Palestrina";"ASL Roma 5";"riesame_parziale";"2026-09-21";"indirizzo | telefono | email | orari";"https://www.aslroma5.it/dsmdp-dipartimento-di-salute-mentale-e-delle-dipendenze-patologiche/uoc-csm-di-colleferro-e-palestrina/uos-csm-di-palestrina/";"2026-09-19";""
"rete";"R5-08";"SerD Monterotondo";"ASL Roma 5";"non_riesaminato";"";"";"";"2026-09-19";""
"rete";"R5-09";"SerD Tivoli/Guidonia";"ASL Roma 5";"non_riesaminato";"";"";"";"2026-09-19";""
"rete";"R5-10";"SerD Colleferro";"ASL Roma 5";"non_riesaminato";"";"";"";"2026-09-19";""
"rete";"R5-11";"SerD Palestrina";"ASL Roma 5";"non_riesaminato";"";"";"";"2026-09-19";""
"rete";"R5-12";"SerD Subiaco";"ASL Roma 5";"non_riesaminato";"";"";"";"2026-09-19";""
"rete";"R6-01";"Direzione DSM, NPIA e Dipendenze Roma 6";"ASL Roma 6";"non_riesaminato";"";"";"";"2026-09-19";""
"rete";"R6-02";"CSM Anzio/Nettuno";"ASL Roma 6";"non_riesaminato";"";"";"";"2026-09-19";""
"rete";"R6-03";"CSM Pomezia";"ASL Roma 6";"non_riesaminato";"";"";"";"2026-09-19";""
"rete";"R6-04";"CSM Velletri";"ASL Roma 6";"non_riesaminato";"";"";"";"2026-09-19";""
"rete";"R6-05";"CSM Ciampino";"ASL Roma 6";"non_riesaminato";"";"";"";"2026-09-19";""
"rete";"R6-06";"CSM Frascati";"ASL Roma 6";"non_riesaminato";"";"";"";"2026-09-19";""
"rete";"R6-07";"SerD Anzio/Nettuno";"ASL Roma 6";"non_riesaminato";"";"";"";"2026-09-19";""
"rete";"R6-08";"SerD Ciampino";"ASL Roma 6";"non_riesaminato";"";"";"";"2026-09-19";""
"rete";"R6-09";"SerD Frascati";"ASL Roma 6";"non_riesaminato";"";"";"";"2026-09-19";""
"rete";"R6-10";"SerD Genzano";"ASL Roma 6";"non_riesaminato";"";"";"";"2026-09-19";""
"rete";"R6-11";"SerD Velletri";"ASL Roma 6";"non_riesaminato";"";"";"";"2026-09-19";""
"rete";"R6-12";"CSM Ariccia";"ASL Roma 6";"non_riesaminato";"";"";"";"2026-09-19";""
"rete";"RI-01";"DSM Rieti — riferimento organizzativo";"ASL Rieti";"non_riesaminato";"";"";"";"2026-09-19";""
"rete";"RI-02";"CSM Rieti — Distretto 1";"ASL Rieti";"riesame_parziale";"2026-09-21";"indirizzo | telefono | orari";"https://www.asl.rieti.it/organizzazione-aziendale/dipartimenti/dipartimento-promozione-e-tutela-della-salute-mentale/uosd-csm/csm-distretto-1";"2026-09-19";"Riscontro limitato al contenuto indicizzato del dominio ASL; pagina integrale non acquisibile. Non equivale a verifica operativa 2026."
"rete";"RI-03";"CSM Poggio Mirteto — Distretto 2";"ASL Rieti";"non_riesaminato";"";"";"";"2026-09-19";""
"rete";"RI-04";"CSM Cicolano — Peschieta di Fiamignano";"ASL Rieti";"riesame_parziale";"2026-09-21";"indirizzo | telefono | orari";"https://www.asl.rieti.it/organizzazione-aziendale/dipartimenti/dipartimento-promozione-e-tutela-della-salute-mentale/uosd-csm/csm-distretto-1";"2026-09-19";"Riscontro limitato al contenuto indicizzato del dominio ASL; pagina integrale non acquisibile. Non equivale a verifica operativa 2026."
"rete";"RI-05";"SerD Rieti";"ASL Rieti";"non_riesaminato";"";"";"";"2026-09-19";""
"rete";"RI-06";"SerD Poggio Mirteto";"ASL Rieti";"non_riesaminato";"";"";"";"2026-09-19";""
"rete";"RI-07";"Alcologia e patologie correlate Rieti";"ASL Rieti";"non_riesaminato";"";"";"";"2026-09-19";""
"rete";"RI-08";"Ambulatorio CSM Leonessa";"ASL Rieti";"riesame_parziale";"2026-09-21";"indirizzo | telefono | orari";"https://www.asl.rieti.it/organizzazione-aziendale/dipartimenti/dipartimento-promozione-e-tutela-della-salute-mentale/uosd-csm/csm-distretto-1";"2026-09-19";"Riscontro limitato al contenuto indicizzato del dominio ASL; pagina integrale non acquisibile. Non equivale a verifica operativa 2026."
"rete";"RI-09";"Ambulatorio CSM Antrodoco";"ASL Rieti";"riesame_parziale";"2026-09-21";"indirizzo | telefono | orari";"https://www.asl.rieti.it/organizzazione-aziendale/dipartimenti/dipartimento-promozione-e-tutela-della-salute-mentale/uosd-csm/csm-distretto-1";"2026-09-19";"Riscontro limitato al contenuto indicizzato del dominio ASL; pagina integrale non acquisibile. Non equivale a verifica operativa 2026."
"rete";"RI-10";"Ambulatorio CSM Amatrice";"ASL Rieti";"non_riesaminato";"";"";"";"2026-09-19";""
"rete";"RI-11";"Ambulatorio CSM Passo Corese";"ASL Rieti";"non_riesaminato";"";"";"";"2026-09-19";""
"rete";"RI-12";"Ambulatorio CSM Magliano Sabina";"ASL Rieti";"non_riesaminato";"";"";"";"2026-09-19";""
"rete";"RI-13";"Ambulatorio CSM Osteria Nuova";"ASL Rieti";"non_riesaminato";"";"";"";"2026-09-19";""
"rete";"RI-14";"SerD interno Casa Circondariale Rieti Nuovo Complesso";"ASL Rieti";"non_riesaminato";"";"";"";"2026-09-19";""
"rete";"VT-01";"DSM Viterbo — segreteria";"ASL Viterbo";"non_riesaminato";"";"";"";"2026-09-19";""
"rete";"VT-02";"CSM / ambulatorio Acquapendente";"ASL Viterbo";"riesame_parziale";"2026-09-21";"indirizzo | telefono | orari";"https://asl.vt.it/csm-centro-di-salute-mentale";"2026-09-19";"Informazioni di sede riscontrate nella pagina pubblica ASL con aggiornamento dichiarato 16/04/2025; disponibilità attuale non confermata telefonicamente."
"rete";"VT-03";"CSM / ambulatorio Bagnoregio";"ASL Viterbo";"riesame_parziale";"2026-09-21";"indirizzo | telefono | orari";"https://asl.vt.it/csm-centro-di-salute-mentale";"2026-09-19";"Informazioni di sede riscontrate nella pagina pubblica ASL con aggiornamento dichiarato 16/04/2025; disponibilità attuale non confermata telefonicamente."
"rete";"VT-04";"CSM / ambulatorio Canino";"ASL Viterbo";"riesame_parziale";"2026-09-21";"indirizzo | telefono | orari";"https://asl.vt.it/csm-centro-di-salute-mentale";"2026-09-19";"Informazioni di sede riscontrate nella pagina pubblica ASL con aggiornamento dichiarato 16/04/2025; disponibilità attuale non confermata telefonicamente."
"rete";"VT-05";"CSM / ambulatorio Montalto di Castro";"ASL Viterbo";"riesame_parziale";"2026-09-21";"indirizzo | telefono | orari";"https://asl.vt.it/csm-centro-di-salute-mentale";"2026-09-19";"Informazioni di sede riscontrate nella pagina pubblica ASL con aggiornamento dichiarato 16/04/2025; disponibilità attuale non confermata telefonicamente. La pagina acquisita riporta strada Castrense; altra versione indicizzata riporta Via della Stazione. Confermare la sede prima di recarsi: non attestato un trasferimento nel 2026."
"rete";"VT-06";"CSM / ambulatorio Montefiascone";"ASL Viterbo";"riesame_parziale";"2026-09-21";"indirizzo | telefono | orari";"https://asl.vt.it/csm-centro-di-salute-mentale";"2026-09-19";"Informazioni di sede riscontrate nella pagina pubblica ASL con aggiornamento dichiarato 16/04/2025; disponibilità attuale non confermata telefonicamente."
"rete";"VT-07";"CSM / ambulatorio Tarquinia";"ASL Viterbo";"riesame_parziale";"2026-09-21";"indirizzo | telefono | orari";"https://asl.vt.it/csm-centro-di-salute-mentale";"2026-09-19";"Informazioni di sede riscontrate nella pagina pubblica ASL con aggiornamento dichiarato 16/04/2025; disponibilità attuale non confermata telefonicamente."
"rete";"VT-08";"CSM / ambulatorio Tuscania";"ASL Viterbo";"riesame_parziale";"2026-09-21";"indirizzo | telefono | orari";"https://asl.vt.it/csm-centro-di-salute-mentale";"2026-09-19";"Informazioni di sede riscontrate nella pagina pubblica ASL con aggiornamento dichiarato 16/04/2025; disponibilità attuale non confermata telefonicamente."
"rete";"VT-09";"CSM / ambulatorio Valentano";"ASL Viterbo";"riesame_parziale";"2026-09-21";"indirizzo | telefono | orari";"https://asl.vt.it/csm-centro-di-salute-mentale";"2026-09-19";"Informazioni di sede riscontrate nella pagina pubblica ASL con aggiornamento dichiarato 16/04/2025; disponibilità attuale non confermata telefonicamente."
"rete";"VT-10";"CSM / ambulatorio Orte";"ASL Viterbo";"riesame_parziale";"2026-09-21";"indirizzo | telefono | orari";"https://asl.vt.it/csm-centro-di-salute-mentale";"2026-09-19";"Informazioni di sede riscontrate nella pagina pubblica ASL con aggiornamento dichiarato 16/04/2025; disponibilità attuale non confermata telefonicamente."
"rete";"VT-11";"CSM / ambulatorio Soriano nel Cimino";"ASL Viterbo";"riesame_parziale";"2026-09-21";"indirizzo | telefono | orari";"https://asl.vt.it/csm-centro-di-salute-mentale";"2026-09-19";"Informazioni di sede riscontrate nella pagina pubblica ASL con aggiornamento dichiarato 16/04/2025; disponibilità attuale non confermata telefonicamente."
"rete";"VT-12";"CSM / ambulatorio Viterbo";"ASL Viterbo";"riesame_parziale";"2026-09-21";"indirizzo | telefono | orari";"https://asl.vt.it/csm-centro-di-salute-mentale";"2026-09-19";"Informazioni di sede riscontrate nella pagina pubblica ASL con aggiornamento dichiarato 16/04/2025; disponibilità attuale non confermata telefonicamente."
"rete";"VT-13";"CSM / ambulatorio Capranica";"ASL Viterbo";"riesame_parziale";"2026-09-21";"indirizzo | telefono | orari";"https://asl.vt.it/csm-centro-di-salute-mentale";"2026-09-19";"Informazioni di sede riscontrate nella pagina pubblica ASL con aggiornamento dichiarato 16/04/2025; disponibilità attuale non confermata telefonicamente."
"rete";"VT-14";"CSM / ambulatorio Civita Castellana";"ASL Viterbo";"riesame_parziale";"2026-09-21";"indirizzo | telefono | orari";"https://asl.vt.it/csm-centro-di-salute-mentale";"2026-09-19";"Informazioni di sede riscontrate nella pagina pubblica ASL con aggiornamento dichiarato 16/04/2025; disponibilità attuale non confermata telefonicamente."
"rete";"VT-15";"CSM / ambulatorio Fabrica di Roma";"ASL Viterbo";"riesame_parziale";"2026-09-21";"indirizzo | telefono | orari";"https://asl.vt.it/csm-centro-di-salute-mentale";"2026-09-19";"Informazioni di sede riscontrate nella pagina pubblica ASL con aggiornamento dichiarato 16/04/2025; disponibilità attuale non confermata telefonicamente."
"rete";"VT-16";"CSM / ambulatorio Nepi";"ASL Viterbo";"riesame_parziale";"2026-09-21";"indirizzo | telefono | orari";"https://asl.vt.it/csm-centro-di-salute-mentale";"2026-09-19";"Informazioni di sede riscontrate nella pagina pubblica ASL con aggiornamento dichiarato 16/04/2025; disponibilità attuale non confermata telefonicamente."
"rete";"VT-17";"CSM / ambulatorio Ronciglione";"ASL Viterbo";"riesame_parziale";"2026-09-21";"indirizzo | telefono | orari";"https://asl.vt.it/csm-centro-di-salute-mentale";"2026-09-19";"Informazioni di sede riscontrate nella pagina pubblica ASL con aggiornamento dichiarato 16/04/2025; disponibilità attuale non confermata telefonicamente."
"rete";"VT-18";"CSM / ambulatorio Vetralla";"ASL Viterbo";"riesame_parziale";"2026-09-21";"indirizzo | telefono | orari";"https://asl.vt.it/csm-centro-di-salute-mentale";"2026-09-19";"Informazioni di sede riscontrate nella pagina pubblica ASL con aggiornamento dichiarato 16/04/2025; disponibilità attuale non confermata telefonicamente."
"rete";"VT-19";"CSM / ambulatorio Vignanello";"ASL Viterbo";"riesame_parziale";"2026-09-21";"indirizzo | telefono | orari";"https://asl.vt.it/csm-centro-di-salute-mentale";"2026-09-19";"Informazioni di sede riscontrate nella pagina pubblica ASL con aggiornamento dichiarato 16/04/2025; disponibilità attuale non confermata telefonicamente."
"rete";"VT-20";"SerD Montefiascone";"ASL Viterbo";"non_riesaminato";"";"";"";"2026-09-19";""
"rete";"VT-21";"SerD Tarquinia";"ASL Viterbo";"non_riesaminato";"";"";"";"2026-09-19";""
"rete";"VT-22";"SerD Viterbo";"ASL Viterbo";"non_riesaminato";"";"";"";"2026-09-19";""
"rete";"VT-23";"SerD Civita Castellana";"ASL Viterbo";"non_riesaminato";"";"";"";"2026-09-19";""
"rete";"FR-01";"DSM Frosinone — riferimento organizzativo";"ASL Frosinone";"non_riesaminato";"";"";"";"2026-09-19";""
"rete";"FR-02";"CSM Frosinone";"ASL Frosinone";"non_riesaminato";"";"";"";"2026-09-19";""
"rete";"FR-03";"CSM Alatri";"ASL Frosinone";"non_riesaminato";"";"";"";"2026-09-19";""
"rete";"FR-04";"CSM Anagni";"ASL Frosinone";"non_riesaminato";"";"";"";"2026-09-19";""
"rete";"FR-05";"CSM Ceccano";"ASL Frosinone";"non_riesaminato";"";"";"";"2026-09-19";""
"rete";"FR-06";"CSM Sora";"ASL Frosinone";"non_riesaminato";"";"";"";"2026-09-19";""
"rete";"FR-07";"CSM Cassino";"ASL Frosinone";"non_riesaminato";"";"";"";"2026-09-19";""
"rete";"FR-08";"CSM Pontecorvo";"ASL Frosinone";"non_riesaminato";"";"";"";"2026-09-19";""
"rete";"FR-09";"SerD Cassino";"ASL Frosinone";"non_riesaminato";"";"";"";"2026-09-19";""
"rete";"FR-10";"SerD Ceccano";"ASL Frosinone";"non_riesaminato";"";"";"";"2026-09-19";""
"rete";"FR-11";"SerD Frosinone";"ASL Frosinone";"non_riesaminato";"";"";"";"2026-09-19";""
"rete";"FR-12";"SerD Sora";"ASL Frosinone";"non_riesaminato";"";"";"";"2026-09-19";""
"rete";"FR-13";"Punto di erogazione CSM Ceprano";"ASL Frosinone";"non_riesaminato";"";"";"";"2026-09-19";""
"rete";"FR-14";"Punto CSM / PEP Ferentino";"ASL Frosinone";"non_riesaminato";"";"";"";"2026-09-19";""
"rete";"FR-15";"Punto CSM / PEP Veroli";"ASL Frosinone";"non_riesaminato";"";"";"";"2026-09-19";""
"rete";"FR-16";"Ambulatorio CSM Sora — Atina";"ASL Frosinone";"non_riesaminato";"";"";"";"2026-09-19";""
"rete";"LT-01";"Direzione DSM Latina";"ASL Latina";"riesame_parziale";"2026-09-21";"indirizzo | telefono | email";"https://www.ausl.latina.it/problemi-psicologici/31-azienda/449-dsm";"2026-09-19";""
"rete";"LT-02";"CSM Aprilia";"ASL Latina";"riesame_parziale";"2026-09-21";"indirizzo | telefono | email | orari";"https://www.ausl.latina.it/problemi-psicologici/31-azienda/449-dsm";"2026-09-19";"Date e condizioni sono quelle della pagina istituzionale; non confermata disponibilità del singolo appuntamento."
"rete";"LT-03";"CSM Cisterna di Latina";"ASL Latina";"riesame_parziale";"2026-09-21";"indirizzo | telefono | email | orari";"https://www.ausl.latina.it/problemi-psicologici/31-azienda/449-dsm";"2026-09-19";"Date e condizioni sono quelle della pagina istituzionale; non confermata disponibilità del singolo appuntamento."
"rete";"LT-04";"CSM Latina";"ASL Latina";"riesame_parziale";"2026-09-21";"indirizzo | telefono | email | orari";"https://www.ausl.latina.it/problemi-psicologici/31-azienda/449-dsm";"2026-09-19";"La stessa pagina contiene due recapiti/sedi interne: nessuna scelta arbitraria della versione vigente."
"rete";"LT-05";"CSM Sabaudia";"ASL Latina";"riesame_parziale";"2026-09-21";"telefono | email | orari";"https://www.ausl.latina.it/problemi-psicologici/31-azienda/449-dsm";"2026-09-19";"Orari discordanti nella stessa fonte."
"rete";"LT-06";"CSM Monti Lepini — Sezze";"ASL Latina";"riesame_parziale";"2026-09-21";"indirizzo | telefono | email | orari";"https://www.ausl.latina.it/problemi-psicologici/31-azienda/449-dsm";"2026-09-19";"Date e condizioni sono quelle della pagina istituzionale; non confermata disponibilità del singolo appuntamento."
"rete";"LT-07";"CSM Monti Lepini — Priverno";"ASL Latina";"riesame_parziale";"2026-09-21";"telefono | email | orari";"https://www.ausl.latina.it/problemi-psicologici/31-azienda/449-dsm";"2026-09-19";"Incongruenza della tabella, non rielaborata in un calendario presunto."
"rete";"LT-08";"CSM Terracina";"ASL Latina";"riesame_parziale";"2026-09-21";"indirizzo | telefono | email | orari";"https://www.ausl.latina.it/problemi-psicologici/31-azienda/449-dsm";"2026-09-19";"Date e condizioni sono quelle della pagina istituzionale; non confermata disponibilità del singolo appuntamento."
"rete";"LT-09";"CSM Fondi";"ASL Latina";"riesame_parziale";"2026-09-21";"indirizzo | telefono | email | orari";"https://www.ausl.latina.it/problemi-psicologici/31-azienda/449-dsm";"2026-09-19";"Date e condizioni sono quelle della pagina istituzionale; non confermata disponibilità del singolo appuntamento."
"rete";"LT-10";"CSM Formia";"ASL Latina";"riesame_parziale";"2026-09-21";"indirizzo | telefono | email | orari";"https://www.ausl.latina.it/problemi-psicologici/31-azienda/449-dsm";"2026-09-19";"Date e condizioni sono quelle della pagina istituzionale; non confermata disponibilità del singolo appuntamento."
"rete";"LT-11";"SerD Aprilia";"ASL Latina";"riesame_parziale";"2026-09-21";"indirizzo | telefono | email";"https://www.ausl.latina.it/problemi-psicologici/31-azienda/449-dsm";"2026-09-19";"La pagina distingue le sedi: nessuna estensione automatica di servizi o posti da un nodo all’altro."
"rete";"LT-12";"SerD Latina";"ASL Latina";"riesame_parziale";"2026-09-21";"telefono | email";"https://www.ausl.latina.it/problemi-psicologici/31-azienda/449-dsm";"2026-09-19";"Il possibile refuso non viene corretto in un recapito mai verificato."
"rete";"LT-13";"SerD Priverno";"ASL Latina";"riesame_parziale";"2026-09-21";"indirizzo | telefono | email";"https://www.ausl.latina.it/problemi-psicologici/31-azienda/449-dsm";"2026-09-19";"La pagina distingue le sedi: nessuna estensione automatica di servizi o posti da un nodo all’altro."
"rete";"LT-14";"SerD Terracina";"ASL Latina";"riesame_parziale";"2026-09-21";"indirizzo | telefono | email";"https://www.ausl.latina.it/problemi-psicologici/31-azienda/449-dsm";"2026-09-19";"La pagina distingue le sedi: nessuna estensione automatica di servizi o posti da un nodo all’altro."
"rete";"LT-15";"SerD Formia";"ASL Latina";"riesame_parziale";"2026-09-21";"indirizzo | telefono | email";"https://www.ausl.latina.it/problemi-psicologici/31-azienda/449-dsm";"2026-09-19";"La pagina distingue le sedi: nessuna estensione automatica di servizi o posti da un nodo all’altro."
"rete";"NET-001";"SPDC Santo Spirito";"R1";"non_riesaminato";"";"";"";"2026-09-20";""
"rete";"NET-002";"SPDC San Filippo Neri";"R1";"non_riesaminato";"";"";"";"2026-09-20";""
"rete";"NET-003";"TSMREE La Scarpetta";"R1";"non_riesaminato";"";"";"";"2026-09-20";""
"rete";"NET-004";"TSMREE Tripoli";"R1";"non_riesaminato";"";"";"";"2026-09-20";""
"rete";"NET-005";"TSMREE Dina Galli";"R1";"non_riesaminato";"";"";"";"2026-09-20";""
"rete";"NET-006";"TSMREE Catone";"R1";"non_riesaminato";"";"";"";"2026-09-20";""
"rete";"NET-007";"TSMREE Santa Maria della Pietà";"R1";"non_riesaminato";"";"";"";"2026-09-20";""
"rete";"NET-008";"TSMREE Cassia";"R1";"non_riesaminato";"";"";"";"2026-09-20";""
"rete";"NET-009";"Ambulatorio DCA Santa Maria della Pietà";"R1";"non_riesaminato";"";"";"";"2026-09-20";""
"rete";"NET-017";"SPDC Ospedale Sandro Pertini";"R2";"non_riesaminato";"";"";"";"2026-09-20";""
"rete";"NET-018";"SPDC Ospedale Sant'Eugenio";"R2";"non_riesaminato";"";"";"";"2026-09-20";""
"rete";"NET-019";"SPDC Ospedale San Giovanni";"R2";"non_riesaminato";"";"";"";"2026-09-20";""
"rete";"NET-020";"UOSD Disturbi del Comportamento Alimentare - CTO";"R2";"non_riesaminato";"";"";"";"2026-09-20";""
"rete";"NET-021";"TSMREE San Felice";"R2";"non_riesaminato";"";"";"";"2026-09-20";""
"rete";"NET-022";"TSMREE Casilina";"R2";"non_riesaminato";"";"";"";"2026-09-20";""
"rete";"NET-023";"TSMREE Torrenova";"R2";"non_riesaminato";"";"";"";"2026-09-20";""
"rete";"NET-024";"SPDC G.B. Grassi";"R3";"non_riesaminato";"";"";"";"2026-09-20";""
"rete";"NET-025";"SPDC San Camillo Forlanini";"R3";"non_riesaminato";"";"";"";"2026-09-20";""
"rete";"NET-032";"NPIA / TSMREE Fiumicino";"R3";"non_riesaminato";"";"";"";"2026-09-20";""
"rete";"NET-033";"SPDC Ospedale San Paolo";"R4";"non_riesaminato";"";"";"";"2026-09-20";""
"rete";"NET-039";"Polo DNA Santa Marinella";"R4";"non_riesaminato";"";"";"";"2026-09-20";""
"rete";"NET-040";"SPDC Monterotondo";"R5";"non_riesaminato";"";"";"";"2026-09-20";""
"rete";"NET-041";"SPDC Tivoli";"R5";"non_riesaminato";"";"";"";"2026-09-20";""
"rete";"NET-042";"SPDC Colleferro";"R5";"non_riesaminato";"";"";"";"2026-09-20";""
"rete";"NET-049";"UOSD DNA Tivoli";"R5";"non_riesaminato";"";"";"";"2026-09-20";""
"rete";"NET-050";"UOSD DNA Palombara Sabina";"R5";"non_riesaminato";"";"";"";"2026-09-20";""
"rete";"NET-051";"NPIA Guidonia";"R5";"non_riesaminato";"";"";"";"2026-09-20";""
"rete";"NET-052";"NPIA Subiaco";"R5";"non_riesaminato";"";"";"";"2026-09-20";""
"rete";"NET-053";"NPIA Olevano Romano";"R5";"non_riesaminato";"";"";"";"2026-09-20";""
"rete";"NET-054";"SPDC Ospedale dei Castelli";"R6";"non_riesaminato";"";"";"";"2026-09-20";""
"rete";"NET-055";"SPDC P.O. H1";"R6";"non_riesaminato";"";"";"";"2026-09-20";""
"rete";"NET-057";"TSMREE Frascati";"R6";"non_riesaminato";"";"";"";"2026-09-20";""
"rete";"NET-058";"TSMREE Velletri";"R6";"non_riesaminato";"";"";"";"2026-09-20";""
"rete";"NET-059";"TSMREE Ariccia";"R6";"non_riesaminato";"";"";"";"2026-09-20";""
"rete";"NET-060";"DCA Minori Ariccia";"R6";"non_riesaminato";"";"";"";"2026-09-20";""
"rete";"NET-061";"Ambulatorio Disturbi Alimentari Ospedale dei Castelli";"R6";"non_riesaminato";"";"";"";"2026-09-20";""
"rete";"NET-062";"SPDC San Camillo de Lellis";"RI";"non_riesaminato";"";"";"";"2026-09-20";""
"rete";"NET-065";"Ambulatorio Disturbi Nutrizione e Alimentazione Rieti";"RI";"non_riesaminato";"";"";"";"2026-09-20";""
"rete";"NET-066";"SPDC Ospedale Santa Rosa";"VT";"non_riesaminato";"";"";"";"2026-09-20";""
"rete";"NET-068";"TSMREE Acquapendente";"VT";"non_riesaminato";"";"";"";"2026-09-20";""
"rete";"NET-069";"TSMREE Montefiascone";"VT";"non_riesaminato";"";"";"";"2026-09-20";""
"rete";"NET-070";"TSMREE Tarquinia";"VT";"non_riesaminato";"";"";"";"2026-09-20";""
"rete";"NET-071";"TSMREE Tuscania";"VT";"non_riesaminato";"";"";"";"2026-09-20";""
"rete";"NET-072";"TSMREE Viterbo";"VT";"non_riesaminato";"";"";"";"2026-09-20";""
"rete";"NET-073";"Ambulatorio DNA Viterbo";"VT";"non_riesaminato";"";"";"";"2026-09-20";""
"rete";"NET-074";"SPDC Frosinone-Alatri";"FR";"non_riesaminato";"";"";"";"2026-09-20";""
"rete";"NET-075";"SPDC Cassino";"FR";"non_riesaminato";"";"";"";"2026-09-20";""
"rete";"NET-076";"SPDC Sora";"FR";"non_riesaminato";"";"";"";"2026-09-20";""
"rete";"NET-082";"UOSD Disturbi Nutrizione e Alimentazione";"FR";"non_riesaminato";"";"";"";"2026-09-20";""
"rete";"NET-084";"SPDC Latina - Ospedale S.M. Goretti";"LT";"riesame_parziale";"2026-09-21";"indirizzo | telefono | email";"https://www.ausl.latina.it/problemi-psicologici/31-azienda/449-dsm";"2026-09-20";"La pagina distingue le sedi: nessuna estensione automatica di servizi o posti da un nodo all’altro."
"rete";"NET-085";"SPDC Formia - Ospedale Dono Svizzero";"LT";"riesame_parziale";"2026-09-21";"indirizzo | telefono | email";"https://www.ausl.latina.it/problemi-psicologici/31-azienda/449-dsm";"2026-09-20";"La pagina distingue le sedi: nessuna estensione automatica di servizi o posti da un nodo all’altro."
"rete";"NET-089";"NPIA Latina";"LT";"non_riesaminato";"";"";"";"2026-09-20";""
"rete";"NET-090";"NPIA Aprilia";"LT";"non_riesaminato";"";"";"";"2026-09-20";""
"rete";"NET-091";"NPIA Fondi";"LT";"non_riesaminato";"";"";"";"2026-09-20";""
"rete";"NET-092";"NPIA Gaeta";"LT";"non_riesaminato";"";"";"";"2026-09-20";""
"rete";"NET-026";"Centro Diurno Brisse";"R3";"non_riesaminato";"";"";"";"2026-09-20";""
"rete";"NET-027";"Centro Diurno Mazzacurati";"R3";"non_riesaminato";"";"";"";"2026-09-20";""
"rete";"NET-028";"Centro Diurno Tagaste";"R3";"non_riesaminato";"";"";"";"2026-09-20";""
"rete";"NET-029";"Centro Diurno Acilia";"R3";"non_riesaminato";"";"";"";"2026-09-20";""
"rete";"NET-030";"Centro Diurno Monteverde";"R3";"non_riesaminato";"";"";"";"2026-09-20";""
"rete";"NET-031";"Centro Diurno Cantiere 24";"R3";"non_riesaminato";"";"";"";"2026-09-20";""
"rete";"NET-034";"Centro Diurno Riabilitativo Distretto 1";"R4";"riesame_parziale";"2026-09-21";"indirizzo | telefono | email | orari | accesso";"https://www.aslroma4.it/strutture-sanitarie/strutture-di-salute-mentale";"2026-09-20";""
"rete";"NET-035";"Centro Diurno Riabilitativo Distretto 2";"R4";"riesame_parziale";"2026-09-21";"indirizzo | telefono | email | orari | accesso";"https://www.aslroma4.it/strutture-sanitarie/strutture-di-salute-mentale";"2026-09-20";""
"rete";"NET-036";"Centro Diurno Riabilitativo Distretto 3";"R4";"riesame_parziale";"2026-09-21";"indirizzo | telefono | email | orari | accesso";"https://www.aslroma4.it/strutture-sanitarie/strutture-di-salute-mentale";"2026-09-20";""
"rete";"NET-037";"Centro Diurno Riabilitativo Distretto 4";"R4";"riesame_parziale";"2026-09-21";"indirizzo | telefono | email | orari | accesso";"https://www.aslroma4.it/strutture-sanitarie/strutture-di-salute-mentale";"2026-09-20";""
"rete";"NET-038";"SRTRe Il Melograno";"R4";"riesame_parziale";"2026-09-21";"indirizzo | telefono | email | orari | posti_dichiarati | accesso | destinatari | servizi";"https://www.aslroma4.it/strutture-sanitarie/strutture-di-salute-mentale";"2026-09-20";"Dieci posti sono una dotazione indicata dalla pagina: non sono posti liberi né una quantificazione di posti contrattualizzati."
"rete";"NET-010";"Centro Diurno Forte Antenne";"ASL Roma 1";"non_riesaminato";"";"";"";"2026-09-20";""
"rete";"NET-011";"Centro Diurno Boemondo";"ASL Roma 1";"non_riesaminato";"";"";"";"2026-09-20";""
"rete";"NET-012";"Centro Diurno Gasparri";"ASL Roma 1";"non_riesaminato";"";"";"";"2026-09-20";""
"rete";"NET-013";"Centro Diurno Borromeo";"ASL Roma 1";"non_riesaminato";"";"";"";"2026-09-20";""
"rete";"NET-014";"SRTRe Sabrata";"ASL Roma 1";"non_riesaminato";"";"";"";"2026-09-20";""
"rete";"NET-015";"SRSR Nomentana";"ASL Roma 1";"non_riesaminato";"";"";"";"2026-09-20";""
"rete";"NET-016";"SRTRe Casal Piombino PIPSM";"ASL Roma 1";"non_riesaminato";"";"";"";"2026-09-20";""
"rete";"NET-043";"Centro Diurno Guidonia";"ASL Roma 5";"non_riesaminato";"";"";"";"2026-09-20";""
"rete";"NET-044";"Centro Diurno Monterotondo";"ASL Roma 5";"non_riesaminato";"";"";"";"2026-09-20";""
"rete";"NET-045";"Centro Diurno Tivoli";"ASL Roma 5";"non_riesaminato";"";"";"";"2026-09-20";""
"rete";"NET-046";"Centro Diurno Subiaco";"ASL Roma 5";"non_riesaminato";"";"";"";"2026-09-20";""
"rete";"NET-047";"Centro Diurno Palestrina";"ASL Roma 5";"non_riesaminato";"";"";"";"2026-09-20";""
"rete";"NET-048";"Centro Diurno Colleferro";"ASL Roma 5";"non_riesaminato";"";"";"";"2026-09-20";""
"rete";"NET-056";"Centro Diurno Pomezia";"ASL Roma 6";"non_riesaminato";"";"";"";"2026-09-20";""
"rete";"NET-063";"Centro Diurno Rieti";"ASL Rieti";"riesame_parziale";"2026-09-21";"indirizzo | telefono | orari";"https://www.asl.rieti.it/organizzazione-aziendale/dipartimenti/dipartimento-promozione-e-tutela-della-salute-mentale/uosd-csm/csm-distretto-1";"2026-09-20";"Riscontro limitato al contenuto indicizzato del dominio ASL; pagina integrale non acquisibile. Non equivale a verifica operativa 2026."
"rete";"NET-064";"Centro Diurno Cicolano";"ASL Rieti";"riesame_parziale";"2026-09-21";"indirizzo | telefono | orari";"https://www.asl.rieti.it/organizzazione-aziendale/dipartimenti/dipartimento-promozione-e-tutela-della-salute-mentale/uosd-csm/csm-distretto-1";"2026-09-20";"Riscontro limitato al contenuto indicizzato del dominio ASL; pagina integrale non acquisibile. Non equivale a verifica operativa 2026."
"rete";"NET-067";"Centro Diurno Montefiascone";"ASL Viterbo";"non_riesaminato";"";"";"";"2026-09-20";""
"rete";"NET-077";"Centro Diurno Orizzonti Aperti";"ASL Frosinone";"riesame_parziale";"2026-09-21";"orari | accesso | indirizzo | telefono | email";"https://www.asl.fr.it/strutture/dipartimenti/dipartimento-di-salute-mentale-e-delle-patologie-da-dipendenza/uoc-residenzialita-e-semiresidenzialita/uos-centri-diurni/";"2026-09-20";"Solo riscontro del testo indicizzato della pagina ASL; modalità relative a Orizzonti Aperti, non a tutti i centri. | Fonte ufficiale datata 04/12/2025; riscontro dal contenuto indicizzato, contatti non provati."
"rete";"NET-078";"Centro Diurno Oltre il Muro";"ASL Frosinone";"riesame_parziale";"2026-09-21";"orari | accesso | indirizzo | telefono | email";"https://www.asl.fr.it/strutture/dipartimenti/dipartimento-di-salute-mentale-e-delle-patologie-da-dipendenza/uoc-residenzialita-e-semiresidenzialita/uos-centri-diurni/";"2026-09-20";"Solo riscontro del testo indicizzato; modalità riferite a Oltre il Muro. | Fonte ufficiale datata 04/12/2025; riscontro dal contenuto indicizzato, contatti non provati."
"rete";"NET-079";"Centro Diurno La Bussola";"ASL Frosinone";"riesame_parziale";"2026-09-21";"indirizzo | telefono | email";"https://www.asl.fr.it/strutture/dipartimenti/dipartimento-di-salute-mentale-e-delle-patologie-da-dipendenza/uoc-residenzialita-e-semiresidenzialita/uos-centri-diurni/";"2026-09-20";"Fonte ufficiale datata 04/12/2025; riscontro dal contenuto indicizzato, contatti non provati."
"rete";"NET-080";"Centro Diurno Isola del Liri";"ASL Frosinone";"riesame_parziale";"2026-09-21";"indirizzo | telefono | email";"https://www.asl.fr.it/strutture/dipartimenti/dipartimento-di-salute-mentale-e-delle-patologie-da-dipendenza/uoc-residenzialita-e-semiresidenzialita/uos-centri-diurni/";"2026-09-20";"Fonte ufficiale datata 04/12/2025; riscontro dal contenuto indicizzato, contatti non provati."
"rete";"NET-081";"Centro Diurno Il Sentiero";"ASL Frosinone";"riesame_parziale";"2026-09-21";"indirizzo | telefono | email";"https://www.asl.fr.it/strutture/dipartimenti/dipartimento-di-salute-mentale-e-delle-patologie-da-dipendenza/uoc-residenzialita-e-semiresidenzialita/uos-centri-diurni/";"2026-09-20";"Fonte ufficiale datata 04/12/2025; riscontro dal contenuto indicizzato, contatti non provati."
"rete";"NET-083";"UOC Residenzialità e Semiresidenzialità";"ASL Frosinone";"non_riesaminato";"";"";"";"2026-09-20";""
"rete";"NET-086";"Centro Diurno Latina";"ASL Latina";"riesame_parziale";"2026-09-21";"indirizzo | telefono | email";"https://www.ausl.latina.it/problemi-psicologici/31-azienda/449-dsm";"2026-09-20";"La pagina distingue le sedi: nessuna estensione automatica di servizi o posti da un nodo all’altro."
"rete";"NET-087";"Centro Diurno Terracina";"ASL Latina";"non_riesaminato";"";"";"";"2026-09-20";""
"rete";"NET-088";"Centro Diurno Formia / Maricae";"ASL Latina";"non_riesaminato";"";"";"";"2026-09-20";""
"rete";"NET-093";"Comunità Terapeutica Santa Fecitola";"ASL Latina";"riesame_parziale";"2026-09-21";"indirizzo | telefono | email";"https://www.ausl.latina.it/problemi-psicologici/31-azienda/449-dsm";"2026-09-20";"La pagina distingue le sedi: nessuna estensione automatica di servizi o posti da un nodo all’altro."
"rete";"NET-094";"Comunità Terapeutica Riabilitativa Maricae 1-3";"ASL Latina";"non_riesaminato";"";"";"";"2026-09-20";""
"rete";"PUB72-R1-001";"Centro Diurno Palestro";"ASL Roma 1";"non_riesaminato";"";"";"";"2026-09-20";""
"rete";"PUB72-R1-002";"Centro Diurno Plinio P.I.P.S.M. Polo Ovest";"ASL Roma 1";"non_riesaminato";"";"";"";"2026-09-20";""
"rete";"PUB72-R1-003";"Centro Diurno Via Sabotino";"ASL Roma 1";"non_riesaminato";"";"";"";"2026-09-20";""
"rete";"PUB72-R1-004";"Gruppo Appartamento Baccina";"ASL Roma 1";"non_riesaminato";"";"";"";"2026-09-20";""
"rete";"PUB72-R1-005";"Gruppo Appartamento Bramante";"ASL Roma 1";"non_riesaminato";"";"";"";"2026-09-20";""
"rete";"PUB72-R1-006";"Gruppo Appartamento Milizie";"ASL Roma 1";"non_riesaminato";"";"";"";"2026-09-20";""
"rete";"PUB72-R1-007";"Gruppo Appartamento P.I.P.S.M. Oslavia";"ASL Roma 1";"non_riesaminato";"";"";"";"2026-09-20";""
"rete";"PUB72-R1-008";"SRSR Via Giacomo Della Porta";"ASL Roma 1";"non_riesaminato";"";"";"";"2026-09-20";""
"rete";"PUB72-R1-009";"SRTRe P.I.P.S.M. Ripa Grande";"ASL Roma 1";"non_riesaminato";"";"";"";"2026-09-20";""
"rete";"PUB72-R1-010";"SRTRe Piatti";"ASL Roma 1";"non_riesaminato";"";"";"";"2026-09-20";""
"rete";"PUB72-R1-011";"Centro Diurno Sabrata P.I.P.S.M. Polo Est";"ASL Roma 1";"non_riesaminato";"";"";"";"2026-09-20";""
"rete";"PUB72-R1-012";"Gruppo Appartamento Turchia";"ASL Roma 1";"non_riesaminato";"";"";"";"2026-09-20";""
"rete";"PUB72-R1-013";"Centro Diurno Monte Tomatico";"ASL Roma 1";"non_riesaminato";"";"";"";"2026-09-20";""
"rete";"PUB72-R1-014";"Centro Diurno Pasquariello";"ASL Roma 1";"non_riesaminato";"";"";"";"2026-09-20";""
"rete";"PUB72-R1-015";"Gruppo Appartamento Quarrata";"ASL Roma 1";"non_riesaminato";"";"";"";"2026-09-20";""
"rete";"PUB72-R1-016";"SRSR Via Scarpanto";"ASL Roma 1";"non_riesaminato";"";"";"";"2026-09-20";""
"rete";"PUB72-R1-017";"SRTRe Marcigliana";"ASL Roma 1";"non_riesaminato";"";"";"";"2026-09-20";""
"rete";"PUB72-R1-018";"Centro Diurno Valle Aurelia";"ASL Roma 1";"non_riesaminato";"";"";"";"2026-09-20";""
"rete";"PUB72-R1-019";"Gruppo Appartamento Sodini";"ASL Roma 1";"non_riesaminato";"";"";"";"2026-09-20";""
"rete";"PUB72-R1-020";"SRTRe Castel di Guido";"ASL Roma 1";"non_riesaminato";"";"";"";"2026-09-20";""
"rete";"PUB72-R1-021";"SRSR H12 Gasparri";"ASL Roma 1";"non_riesaminato";"";"";"";"2026-09-20";""
"rete";"PUB72-R1-022";"Centro Diurno Di Giorgio";"ASL Roma 1";"non_riesaminato";"";"";"";"2026-09-20";""
"rete";"PUB72-R1-023";"Gruppo Appartamento Galline Bianche";"ASL Roma 1";"non_riesaminato";"";"";"";"2026-09-20";""
"rete";"PUB72-R1-024";"Gruppo Appartamento Prima Porta";"ASL Roma 1";"non_riesaminato";"";"";"";"2026-09-20";""
"rete";"PUB72-R1-025";"SRSR H12 Antonino Di Giorgio";"ASL Roma 1";"non_riesaminato";"";"";"";"2026-09-20";""
"rete";"PUB72-R2-001";"Centro Diurno L’Aquilone";"ASL Roma 2";"non_riesaminato";"";"";"";"2026-09-20";""
"rete";"PUB72-R2-002";"Centro Diurno Casilina – Gattamelata";"ASL Roma 2";"non_riesaminato";"";"";"";"2026-09-20";""
"rete";"PUB72-R2-003";"Centro Diurno Manfredonia – Lo Stormo";"ASL Roma 2";"non_riesaminato";"";"";"";"2026-09-20";""
"rete";"PUB72-R2-004";"Centro Diurno Canapiglie–Pispole";"ASL Roma 2";"non_riesaminato";"";"";"";"2026-09-20";""
"rete";"PUB72-R2-005";"Centro Diurno Cinecittà";"ASL Roma 2";"non_riesaminato";"";"";"";"2026-09-20";""
"rete";"PUB72-R2-006";"Centro Diurno Villa Lais";"ASL Roma 2";"non_riesaminato";"";"";"";"2026-09-20";""
"rete";"PUB72-R2-007";"Centro Diurno San Paolo";"ASL Roma 2";"non_riesaminato";"";"";"";"2026-09-20";""
"rete";"PUB72-R2-008";"Centro Diurno Vergani";"ASL Roma 2";"non_riesaminato";"";"";"";"2026-09-20";""
"rete";"PUB72-R2-009";"SRTRe Sillani – Il Ponte e l’Albero";"ASL Roma 2";"non_riesaminato";"";"";"";"2026-09-20";""
"rete";"PUB72-R2-010";"SRTRe Salone – Mario Gozzano (D6)";"ASL Roma 2";"non_riesaminato";"";"";"";"2026-09-20";""
"rete";"PUB72-R2-011";"SRTRe Urbania";"ASL Roma 2";"non_riesaminato";"";"";"";"2026-09-20";""
"rete";"PUB72-R2-012";"SRSR H12 Le Terrazze/Lunghezza";"ASL Roma 2";"non_riesaminato";"";"";"";"2026-09-20";""
"rete";"PUB72-R3-001";"SRTRe Catacombe di Generosa";"ASL Roma 3";"non_riesaminato";"";"";"";"2026-09-20";""
"rete";"PUB72-R3-002";"SRSR H24 Mazzacurati";"ASL Roma 3";"non_riesaminato";"";"";"";"2026-09-20";""
"rete";"PUB72-R3-003";"Centro Diurno Terapeutico Riabilitativo Fiumicino";"ASL Roma 3";"non_riesaminato";"";"";"";"2026-09-20";""
"rete";"PUB72-RI-001";"Comunità Terapeutico-Riabilitativa La Villa";"ASL Rieti";"non_riesaminato";"";"";"";"2026-09-20";""
"rete";"PUB72-RI-002";"Centro Diurno Psichiatrico Melograno – Poggio Mirteto";"ASL Rieti";"non_riesaminato";"";"";"";"2026-09-20";""
"rete";"PUB72-VT-001";"Centro Diurno DSM Tarquinia";"ASL Viterbo";"non_riesaminato";"";"";"";"2026-09-20";""
"rete";"PUB72-VT-002";"Centro Diurno DSM Viterbo";"ASL Viterbo";"non_riesaminato";"";"";"";"2026-09-20";""
"rete";"PUB72-VT-003";"Centro Diurno DSM Civita Castellana";"ASL Viterbo";"non_riesaminato";"";"";"";"2026-09-20";""
"rete";"PUB72-VT-004";"SRSR H24 Villa San Giuseppe";"ASL Viterbo";"non_riesaminato";"";"";"";"2026-09-20";""
"rete";"PUB72-VT-005";"SRSR Marco Binelli";"ASL Viterbo";"non_riesaminato";"";"";"";"2026-09-20";""
"rete";"PUB72-FR-001";"SRTRe Franco Basaglia";"ASL Frosinone";"non_riesaminato";"";"";"";"2026-09-20";""
"rete";"PUB72-FR-002";"SRTRe Romolo Priori";"ASL Frosinone";"non_riesaminato";"";"";"";"2026-09-20";""
"rete";"PUB72-FR-003";"SRTRe Maxwell Jones";"ASL Frosinone";"non_riesaminato";"";"";"";"2026-09-20";""
"rete";"NET76-001";"Centro Diurno Aprilia";"ASL Latina";"nuovo_record";"2026-09-21";"";"https://www.ausl.latina.it/problemi-psicologici/31-azienda/449-dsm";"2026-09-21";"Fonti attribuite al nuovo record; nessuna conferma telefonica."
"moduli";"MOD-038";"Abaton / Progetto Insieme Castelforte";"Latina";"non_riesaminato";"";"";"";"2026-09-20";""
"moduli";"MOD-091";"Agatos – Comunità Francesco Giugliarelli";"Viterbo";"non_riesaminato";"";"";"";"2026-09-20";""
"moduli";"MOD-064";"Al Colle";"Roma 5";"non_riesaminato";"";"";"";"2026-09-20";""
"moduli";"MOD-046";"Alberto Pezzi";"Latina";"non_riesaminato";"";"";"";"2026-09-20";""
"moduli";"MOD-086";"Associazione La Tenda ETS";"Roma 2";"non_riesaminato";"";"";"";"2026-09-20";""
"moduli";"MOD-094";"Borgo San Tommaso";"Frosinone";"non_riesaminato";"";"";"";"2026-09-20";""
"moduli";"MOD-081";"Canterano";"Roma 5";"non_riesaminato";"";"";"";"2026-09-20";""
"moduli";"MOD-082";"Canterano";"Roma 5";"non_riesaminato";"";"";"";"2026-09-20";""
"moduli";"MOD-013";"Casa Siloè";"Roma 3";"non_riesaminato";"";"";"";"2026-09-20";""
"moduli";"MOD-075";"Castel Madama";"Roma 5";"non_riesaminato";"";"";"";"2026-09-20";""
"moduli";"MOD-076";"Castel Madama";"Roma 5";"non_riesaminato";"";"";"";"2026-09-20";""
"moduli";"MOD-025";"Colle Cesarano";"Roma 5";"non_riesaminato";"";"";"";"2026-09-20";""
"moduli";"MOD-026";"Colle Cesarano";"Roma 5";"non_riesaminato";"";"";"";"2026-09-20";""
"moduli";"MOD-027";"Colle Cesarano";"Roma 5";"non_riesaminato";"";"";"";"2026-09-20";""
"moduli";"MOD-028";"Colle Cesarano";"Roma 5";"non_riesaminato";"";"";"";"2026-09-20";""
"moduli";"MOD-024";"Colle Cesarano";"Roma 5";"non_riesaminato";"";"";"";"2026-09-20";""
"moduli";"MOD-023";"Colle Cesarano";"Roma 5";"non_riesaminato";"";"";"";"2026-09-20";""
"moduli";"MOD-057";"Comunità Ambrosini / PaoloVI";"Roma 2";"non_riesaminato";"";"";"";"2026-09-20";""
"moduli";"MOD-069";"Comunità Francesco";"Roma 5";"non_riesaminato";"";"";"";"2026-09-20";""
"moduli";"MOD-058";"Comunità Santa Maria / Capannelle";"Roma 2";"non_riesaminato";"";"";"";"2026-09-20";""
"moduli";"MOD-048";"Dianova Palombara Sabina";"Roma 5";"riesame_parziale";"2026-09-21";"numero_orientamento | orari_orientamento | modalita_invio";"https://www.dianova.it/numero-verde-droga/ | https://www.dianova.it/palombara/";"2026-09-20";"La linea nazionale non è un recapito clinico esclusivo della comunità; contratto e posti non riesaminati."
"moduli";"MOD-090";"Fondazione Villa Maraini ETS";"Roma 2";"non_riesaminato";"";"";"";"2026-09-20";""
"moduli";"MOD-089";"Fondazione Villa Maraini ETS";"Roma 2";"non_riesaminato";"";"";"";"2026-09-20";""
"moduli";"MOD-088";"Fondazione Villa Maraini ETS";"Roma 2";"non_riesaminato";"";"";"";"2026-09-20";""
"moduli";"MOD-108";"Fratello Sole – Santa Severa";"Roma 4";"non_riesaminato";"";"";"";"2026-09-20";""
"moduli";"MOD-070";"Il Colle";"Roma 5";"non_riesaminato";"";"";"";"2026-09-20";""
"moduli";"MOD-109";"Il Ponte – Centro di Solidarietà";"Roma 4";"non_riesaminato";"";"";"";"2026-09-20";""
"moduli";"MOD-051";"In Dialogo — Il Casale";"Frosinone";"non_riesaminato";"";"";"";"2026-09-20";""
"moduli";"MOD-043";"Insieme Arcobaleno";"Latina";"non_riesaminato";"";"";"";"2026-09-20";""
"moduli";"MOD-042";"Insieme Mongolfiera";"Latina";"non_riesaminato";"";"";"";"2026-09-20";""
"moduli";"MOD-065";"Insieme ONLUS";"Roma 5";"non_riesaminato";"";"";"";"2026-09-20";""
"moduli";"MOD-045";"Insieme Spigno";"Latina";"non_riesaminato";"";"";"";"2026-09-20";""
"moduli";"MOD-040";"Insieme1 Luna";"Latina";"non_riesaminato";"";"";"";"2026-09-20";""
"moduli";"MOD-039";"Insieme1 Sole";"Latina";"non_riesaminato";"";"";"";"2026-09-20";""
"moduli";"MOD-041";"Insieme2";"Latina";"non_riesaminato";"";"";"";"2026-09-20";""
"moduli";"MOD-087";"IO Centro ETS";"Roma 2";"non_riesaminato";"";"";"";"2026-09-20";""
"moduli";"MOD-067";"La Staffa";"Roma 5";"non_riesaminato";"";"";"";"2026-09-20";""
"moduli";"MOD-084";"Maieusis — Centro diurno";"Roma 4";"non_riesaminato";"";"";"";"2026-09-20";""
"moduli";"MOD-083";"Maieusis — Residenza terapeutica";"Roma 4";"non_riesaminato";"";"";"";"2026-09-20";""
"moduli";"MOD-107";"Nuovi Orizzonti – Comunità di Piglio";"Frosinone";"non_riesaminato";"";"";"";"2026-09-20";""
"moduli";"MOD-103";"Opera Don Calabria – Centro Diurno L’Alberoblu";"Roma 1";"non_riesaminato";"";"";"";"2026-09-20";""
"moduli";"MOD-063";"Operiamo Insieme";"Roma 5";"non_riesaminato";"";"";"";"2026-09-20";""
"moduli";"MOD-047";"Redzep Sestovic";"Latina";"non_riesaminato";"";"";"";"2026-09-20";""
"moduli";"MOD-068";"Rosaurora";"Roma 5";"non_riesaminato";"";"";"";"2026-09-20";""
"moduli";"MOD-071";"Villa Adriana";"Roma 5";"non_riesaminato";"";"";"";"2026-09-20";""
"moduli";"MOD-072";"Villa Adriana";"Roma 5";"non_riesaminato";"";"";"";"2026-09-20";""
"moduli";"MOD-073";"Villa Adriana";"Roma 5";"non_riesaminato";"";"";"";"2026-09-20";""
"moduli";"MOD-074";"Villa Adriana";"Roma 5";"non_riesaminato";"";"";"";"2026-09-20";""
"moduli";"MOD-005";"Villa Armonia Nuova";"Roma 3";"riesame_parziale";"2026-09-21";"telefono | email | contratto_periodo | contratto_ssn_stato | budget_2026_stato | contratto_fonte";"https://kosgroup.com/it/centri/villa-armonia | https://www.aslroma3.it/wp-content/uploads/2025/05/contratto_budget_15593_villa-armonia-nuova.pdf | https://www.aslroma3.it/amministrazione-trasparente/strutture-sanitarie-private-accreditate/";"2026-09-20";"Recapiti generali della struttura; non una nuova prova del singolo modulo. | Distinguere durata del rapporto da annualità del budget. Le voci valorizzate riguardano i cinque moduli del baseline, non l’intero formulario."
"moduli";"MOD-003";"Villa Armonia Nuova";"Roma 3";"riesame_parziale";"2026-09-21";"telefono | email | contratto_periodo | contratto_ssn_stato | budget_2026_stato | contratto_fonte";"https://kosgroup.com/it/centri/villa-armonia | https://www.aslroma3.it/wp-content/uploads/2025/05/contratto_budget_15593_villa-armonia-nuova.pdf | https://www.aslroma3.it/amministrazione-trasparente/strutture-sanitarie-private-accreditate/";"2026-09-20";"Recapiti generali della struttura; non una nuova prova del singolo modulo. | Distinguere durata del rapporto da annualità del budget. Le voci valorizzate riguardano i cinque moduli del baseline, non l’intero formulario."
"moduli";"MOD-002";"Villa Armonia Nuova";"Roma 3";"riesame_parziale";"2026-09-21";"telefono | email | contratto_periodo | contratto_ssn_stato | budget_2026_stato | contratto_fonte";"https://kosgroup.com/it/centri/villa-armonia | https://www.aslroma3.it/wp-content/uploads/2025/05/contratto_budget_15593_villa-armonia-nuova.pdf | https://www.aslroma3.it/amministrazione-trasparente/strutture-sanitarie-private-accreditate/";"2026-09-20";"Recapiti generali della struttura; non una nuova prova del singolo modulo. | Distinguere durata del rapporto da annualità del budget. Le voci valorizzate riguardano i cinque moduli del baseline, non l’intero formulario."
"moduli";"MOD-004";"Villa Armonia Nuova";"Roma 3";"riesame_parziale";"2026-09-21";"telefono | email | contratto_periodo | contratto_ssn_stato | budget_2026_stato | contratto_fonte";"https://kosgroup.com/it/centri/villa-armonia | https://www.aslroma3.it/wp-content/uploads/2025/05/contratto_budget_15593_villa-armonia-nuova.pdf | https://www.aslroma3.it/amministrazione-trasparente/strutture-sanitarie-private-accreditate/";"2026-09-20";"Recapiti generali della struttura; non una nuova prova del singolo modulo. | Distinguere durata del rapporto da annualità del budget. Le voci valorizzate riguardano i cinque moduli del baseline, non l’intero formulario."
"moduli";"MOD-085";"Villa Belvedere";"Rieti";"non_riesaminato";"";"";"";"2026-09-20";""
"moduli";"MOD-029";"Villa Costanza";"Roma 6";"non_riesaminato";"";"";"";"2026-09-20";""
"moduli";"MOD-061";"Villa Elisa";"Roma 5";"non_riesaminato";"";"";"";"2026-09-20";""
"moduli";"MOD-008";"Villa Giuseppina";"Roma 3";"non_riesaminato";"";"";"";"2026-09-20";""
"moduli";"MOD-007";"Villa Giuseppina";"Roma 3";"non_riesaminato";"";"";"";"2026-09-20";""
"moduli";"MOD-006";"Villa Giuseppina";"Roma 3";"non_riesaminato";"";"";"";"2026-09-20";""
"moduli";"MOD-011";"Villa Letizia";"Roma 3";"non_riesaminato";"";"";"";"2026-09-20";""
"moduli";"MOD-010";"Villa Letizia";"Roma 3";"non_riesaminato";"";"";"";"2026-09-20";""
"moduli";"MOD-062";"Villa Letizia — EGO";"Roma 5";"non_riesaminato";"";"";"";"2026-09-20";""
"moduli";"MOD-066";"Villa Maddalena";"Roma 5";"non_riesaminato";"";"";"";"2026-09-20";""
"moduli";"MOD-012";"Villa Madre Chiara Ricci";"Roma 3";"non_riesaminato";"";"";"";"2026-09-20";""
"moduli";"MOD-021";"Villa Maria Pia";"Roma 1";"riesame_parziale";"2026-09-21";"posti_dichiarati";"https://villamariapia.com/ricoveri/";"2026-09-20";""
"moduli";"MOD-020";"Villa Maria Pia";"Roma 1";"riesame_parziale";"2026-09-21";"posti_dichiarati | rapporto_ssn";"https://villamariapia.com/ricoveri/";"2026-09-20";"Quindici posti dichiarati non significano quindici posti SSN. Canale privato collegato a questo modulo, senza nuova struttura fittizia."
"moduli";"MOD-015";"Villa Von Siebenthal";"Roma 6";"non_riesaminato";"";"";"";"2026-09-20";""
"moduli";"MOD-018";"Villa Von Siebenthal";"Roma 6";"riesame_parziale";"2026-09-21";"posti_dichiarati | destinatari | ammissione";"https://www.ghcspa.com/villavonsiebenthal/accoglienza/ricoveri-per-adolescenti";"2026-09-20";"Dati esplicitamente riferiti ai due moduli per adolescenti; non attestano un modulo amministrativo di doppia diagnosi."
"moduli";"MOD-016";"Villa Von Siebenthal";"Roma 6";"riesame_parziale";"2026-09-21";"posti_dichiarati | servizi";"https://www.ghcspa.com/villavonsiebenthal/attivita/struttura-residenziale-terapeutico-riabilitativa-estensiva-per-adulti | https://www.ghcspa.com/villavonsiebenthal/la-struttura/l-azienda";"2026-09-20";"Contrasto interno alle pagine del gestore; non modificati posti autorizzati/accreditati."
"moduli";"MOD-017";"Villa Von Siebenthal";"Roma 6";"riesame_parziale";"2026-09-21";"posti_dichiarati | destinatari | ammissione";"https://www.ghcspa.com/villavonsiebenthal/accoglienza/ricoveri-per-adolescenti";"2026-09-20";"Dati esplicitamente riferiti ai due moduli per adolescenti; non attestano un modulo amministrativo di doppia diagnosi."
"moduli";"MOD-079";"Villaggio Adriano";"Roma 5";"non_riesaminato";"";"";"";"2026-09-20";""
"moduli";"MOD-080";"Villaggio Adriano";"Roma 5";"non_riesaminato";"";"";"";"2026-09-20";""
"moduli";"MOD-077";"Villanova";"Roma 5";"non_riesaminato";"";"";"";"2026-09-20";""
"moduli";"MOD-078";"Villanova";"Roma 5";"non_riesaminato";"";"";"";"2026-09-20";""
"moduli";"MOD-105";"Aquilone Azzurro – La Gatta";"Roma 4";"non_riesaminato";"";"";"";"2026-09-20";""
"moduli";"MOD-104";"Aquilone Azzurro – Via Germanico";"Roma 1";"non_riesaminato";"";"";"";"2026-09-20";""
"moduli";"MOD-095";"Borgo San Tommaso";"Frosinone";"non_riesaminato";"";"";"";"2026-09-20";""
"moduli";"MOD-049";"C. Massimo";"Roma 6";"non_riesaminato";"";"";"";"2026-09-20";""
"moduli";"MOD-056";"Campus Calisto Felli";"Viterbo";"non_riesaminato";"";"";"";"2026-09-20";""
"moduli";"MOD-115";"Comunità Emmanuel – Centro Riccardo Blasetti";"Rieti";"non_riesaminato";"";"";"";"2026-09-20";""
"moduli";"MOD-110";"Comunità Psicoterapeutica Giacomo Cusmano";"Roma 4";"non_riesaminato";"";"";"";"2026-09-20";""
"moduli";"MOD-052";"Exodus Cassino";"Frosinone";"non_riesaminato";"";"";"";"2026-09-20";""
"moduli";"MOD-053";"Exodus Cassino";"Frosinone";"non_riesaminato";"";"";"";"2026-09-20";""
"moduli";"MOD-092";"Gli Oleandri";"Frosinone";"non_riesaminato";"";"";"";"2026-09-20";""
"moduli";"MOD-050";"In Dialogo — Nuova Era";"Frosinone";"non_riesaminato";"";"";"";"2026-09-20";""
"moduli";"MOD-044";"Insieme Ausonia";"Frosinone";"non_riesaminato";"";"";"";"2026-09-20";""
"moduli";"MOD-093";"Le Palme";"Frosinone";"non_riesaminato";"";"";"";"2026-09-20";""
"moduli";"MOD-060";"L’Approdo";"Roma 6";"non_riesaminato";"";"";"";"2026-09-20";""
"moduli";"MOD-114";"Mondo Nuovo – Colle Speranza";"Viterbo";"non_riesaminato";"";"";"";"2026-09-20";""
"moduli";"MOD-113";"Mondo Nuovo – Villa Ciulepi";"Viterbo";"non_riesaminato";"";"";"";"2026-09-20";""
"moduli";"MOD-112";"Mondo Nuovo – Villa Paradiso";"Viterbo";"non_riesaminato";"";"";"";"2026-09-20";""
"moduli";"MOD-111";"Mondo Nuovo – Villa Sergetto";"Roma 4";"non_riesaminato";"";"";"";"2026-09-20";""
"moduli";"MOD-097";"Montello / Gesti-Var";"Frosinone";"non_riesaminato";"";"";"";"2026-09-20";""
"moduli";"MOD-055";"Palanzana";"Viterbo";"non_riesaminato";"";"";"";"2026-09-20";""
"moduli";"MOD-106";"Reverie – Comunità terapeutica romana";"Roma 1";"non_riesaminato";"";"";"";"2026-09-20";""
"moduli";"MOD-033";"Samadi";"Roma 1";"riesame_parziale";"2026-09-21";"posti_dichiarati | email | orari | presenza_medica | documenti_ingresso | ammissione";"https://www.ghcspa.com/samadi/accoglienza/modalita-di-accettazione-e-ricovero";"2026-09-20";"Non riportati tempi medi di attesa come disponibilità attuale. Il requisito di tampone presente nella pagina non è assunto come obbligo vigente: da riconfermare."
"moduli";"MOD-032";"Samadi";"Roma 1";"riesame_parziale";"2026-09-21";"posti_dichiarati | email | orari | presenza_medica | documenti_ingresso | ammissione";"https://www.ghcspa.com/samadi/accoglienza/modalita-di-accettazione-e-ricovero";"2026-09-20";"Non riportati tempi medi di attesa come disponibilità attuale. Il requisito di tampone presente nella pagina non è assunto come obbligo vigente: da riconfermare."
"moduli";"MOD-031";"Samadi";"Roma 1";"riesame_parziale";"2026-09-21";"posti_dichiarati | email | orari | presenza_medica | documenti_ingresso | ammissione";"https://www.ghcspa.com/samadi/accoglienza/modalita-di-accettazione-e-ricovero";"2026-09-20";"Non riportati tempi medi di attesa come disponibilità attuale. Il requisito di tampone presente nella pagina non è assunto come obbligo vigente: da riconfermare."
"moduli";"MOD-059";"San Carlo e Villa Santa Francesca Romana";"Roma 6";"non_riesaminato";"";"";"";"2026-09-20";""
"moduli";"MOD-096";"San Nicola – Belmonte";"Frosinone";"non_riesaminato";"";"";"";"2026-09-20";""
"moduli";"MOD-054";"Santa Maria della Quercia";"Viterbo";"non_riesaminato";"";"";"";"2026-09-20";""
"moduli";"MOD-100";"Struttura Residenziale Psichiatrica San Valentino";"Roma 1";"non_riesaminato";"";"";"";"2026-09-20";""
"moduli";"MOD-101";"Villa Daniela";"Frosinone";"non_riesaminato";"";"";"";"2026-09-20";""
"moduli";"MOD-009";"Villa Giuseppina";"Roma 3";"non_riesaminato";"";"";"";"2026-09-20";""
"moduli";"MOD-098";"Villa Lucrezia – Il Castello Incantato";"Frosinone";"non_riesaminato";"";"";"";"2026-09-20";""
"moduli";"MOD-037";"Villa Rosa";"Viterbo";"non_riesaminato";"";"";"";"2026-09-20";""
"moduli";"MOD-036";"Villa Rosa";"Viterbo";"non_riesaminato";"";"";"";"2026-09-20";""
"moduli";"MOD-035";"Villa Rosa";"Viterbo";"non_riesaminato";"";"";"";"2026-09-20";""
"moduli";"MOD-102";"Villa Simona";"Frosinone";"non_riesaminato";"";"";"";"2026-09-20";""
"moduli";"MOD-022";"Colle Cesarano";"Roma 5";"riesame_parziale";"2026-09-21";"durata_percorso | posti_dichiarati | destinatari | ammissione";"https://www.collecesarano.com/stpit/";"2026-09-20";""
"moduli";"MOD-030";"Samadi";"Roma 1";"riesame_parziale";"2026-09-21";"posti_dichiarati | email | orari | presenza_medica | documenti_ingresso";"https://www.ghcspa.com/samadi/accoglienza/modalita-di-accettazione-e-ricovero";"2026-09-20";"Non riportati tempi medi di attesa come disponibilità attuale. Il requisito di tampone presente nella pagina non è assunto come obbligo vigente: da riconfermare."
"moduli";"MOD-099";"Struttura Residenziale Psichiatrica San Valentino";"Roma 1";"non_riesaminato";"";"";"";"2026-09-20";""
"moduli";"MOD-001";"Villa Armonia Nuova";"Roma 3";"riesame_parziale";"2026-09-21";"telefono | email | contratto_periodo | contratto_ssn_stato | budget_2026_stato | contratto_fonte";"https://kosgroup.com/it/centri/villa-armonia | https://www.aslroma3.it/wp-content/uploads/2025/05/contratto_budget_15593_villa-armonia-nuova.pdf | https://www.aslroma3.it/amministrazione-trasparente/strutture-sanitarie-private-accreditate/";"2026-09-20";"Recapiti generali della struttura; non una nuova prova del singolo modulo. | Distinguere durata del rapporto da annualità del budget. Le voci valorizzate riguardano i cinque moduli del baseline, non l’intero formulario."
"moduli";"MOD-019";"Villa Maria Pia";"Roma 1";"riesame_parziale";"2026-09-21";"durata_percorso | destinatari | posti_dichiarati";"https://villamariapia.com/ricoveri/";"2026-09-20";"Durata riferita a questo modulo, non regola universale per tutte le STPIT."
"moduli";"MOD-034";"Villa Rosa";"Viterbo";"riesame_parziale";"2026-09-21";"ammissione | mobilita_intraregionale | documenti_ingresso";"https://viterbo.ospedaliere.it/servizi-per-il-paziente/stpit-struttura-per-trattamenti-psichiatrici-intensivi-territoriali/";"2026-09-20";"La possibilità intraregionale descritta non è prova di mobilità extraregionale."
"moduli";"MOD-014";"Villa Von Siebenthal";"Roma 6";"riesame_parziale";"2026-09-21";"posti_dichiarati | equipe | ammissione | documenti_ingresso | email";"https://www.ghcspa.com/villavonsiebenthal/attivita/struttura-per-trattamenti-psichiatrici-intensivi-territoriali";"2026-09-20";"Composizione descritta dal gestore; turni e copertura oraria non documentati. Il termine tecnici della riabilitazione non è automaticamente espanso a TeRP."
