id_sede;denominazione;gestore;natura;comune;provincia;asl_territoriale;indirizzo;telefono;email;rapporto_ssn;periodo_evidenza;livello_evidenza;accesso_extraregionale;condizioni_extraregionale;fonti;servizi;ammissione;destinatari;equipe;note;accessibilita;verifica_documentale;conferma_diretta;posti_liberi;mappa_url;fonti_rapporto_ssn;validita_2026;id_modulo;modulo;ambito;regime;posti;natura_posti;stato_catalogo;note_modulo;url_fonti;ambiti_secondari;sezione;fonti_convenzione_url;documenti_ingresso;durata_percorso;criteri_limitazioni;evidenza_servizi;evidenza_sede;evidenza_posti;autorizzazione_stato;autorizzazione_fonte;accreditamento_stato;accreditamento_fonte;contratto_ssn_stato;contratto_periodo;contratto_fonte;budget_2026_stato;budget_2026_fonte;posti_autorizzati;posti_accreditati;posti_contrattualizzati;posti_dichiarati;mobilita_intraregionale;accesso_fuori_lazio_stato;accesso_fuori_lazio_prova;titolarita_gestione;evidenza_titolarita;fonte_titolarita;stato_v6;note_v6;presente_v5;sezione_v5;stato_catalogo_v5;variazione_v5_v6;nota_v7_strutturale;sezione_canonica_v7;coerenza_sezione_v6;verifica_web_v7_1_data;esito_verifica_v7_1;azione_v7_1;fonti_v7_1;stato_v7_1;sezione_canonica_v7_1;verifica_web_v7_2_data;esito_verifica_v7_2;azione_v7_2;fonti_v7_2;stato_v7_2;sezione_canonica_v7_2;verifica_web_v7_3_data;esito_verifica_v7_3;azione_v7_3;fonti_v7_3;stato_v7_3;sezione_canonica_v7_3
DIA;Dianova Palombara Sabina;Dianova;Privata / ente non ASL;Palombara Sabina;RM;Roma 5;Strada Salvia,13;077466809;palombara@dianova.it;"Accreditata e convenzionata SSN; accesso gratuito dichiarato dal gestore";Pagina consultata20/09/2026;Dichiarazione gestore;Non documentato;;DIA-WEB | DIA-ACTA;Trattamento terapeutico-riabilitativo dipendenze | Supporto psicologico e psicoterapeutico | Sostegno alle famiglie | Attività espressive, agricole e sportive | Reinserimento socio-lavorativo;Contatto accoglienza e invio SerD/SerT con valutazione e programma.;Adulti, uomini e donne;Équipe con educatori, psicoterapeuta, medico e psichiatra.;AttoG15305/09.12.2021 richiamato dal sito. Nessuna automatica ammissione extra Lazio dedotta dalla rete nazionaleDianova.;Non documentata;2026-09-20;Non effettuata;Non rilevati: capacità autorizzata/accreditata non è disponibilità;https://www.google.com/maps/search/?api=1&query=Strada%20Salvia%2C13%2C%20Palombara%20Sabina%2C%20Italia;DIA-WEB;Non certificata: vedere annualità e fonte;MOD-048;Comunità terapeutico-riabilitativa;Dipendenze;Residenziale;18;Dotazione dichiarata dal gestore;Convenzionata documentata;;https://www.dianova.it/palombara/ | https://www.actalazio.it/dianova/;;Convenzionate;https://www.dianova.it/palombara/;"Da concordare con servizio inviante e accettazione; non acquisiti sistematicamente";"Individualizzata; durata specifica non consolidata";"Idoneità clinica e amministrativa da valutare; non dedotta dal solo accreditamento";Profilo del gestore / modulo: vedi fonti. Non certifica disponibilità giornaliera.;"Indirizzo pubblicato; ingresso e coordinate non verificati";Dotazione dichiarata dal gestore;Da distinguere;;Documentato/indicato nel dossier V5;;Documentato in V5;Pagina consultata20/09/2026;https://www.dianova.it/palombara/;Da verificare;;;;;18;Da verificare;Non documentato;;Privata / ente non ASL;Gestore identificato nel dossier V5;https://www.dianova.it/palombara/ | https://www.actalazio.it/dianova/;Ereditato V5;;Sì;Convenzionate;Convenzionata documentata;Conservato;Nessuna nuova verifica amministrativa/clinica introdotta dalla V7 strutturale.;Convenzionate;Coerente o compatibile;;Non riesaminato in V7.1;Nessuna modifica sostanziale;;Convenzionata documentata;Convenzionate;2026-09-20;"Classificazione V7.1 conservata; nessuna regressione introdotta nella V7.2.";Nessuna modifica sostanziale.;;Convenzionata documentata;Convenzionate;2026-09-20;Classificazione V7.2 conservata salvo nuove evidenze specifiche.;Nessuna modifica sostanziale.;;Convenzionata documentata;Convenzionate
DIA-CASALE;In Dialogo — Il Casale;Comunità In Dialogo;Privata / ente non ASL;Trivigliano;FR;Frosinone;Contrada Malle snc;0775520617;info@comunitaindialogo.it;"Inserimento 2026 autorizzato e finanziato da ASL Latina; accreditamento richiamato nell’atto";"29/04–30/06/2026; atto ASL Latina 29/05/2026";Atto ufficiale ASL di autorizzazione e impegno di spesa;Non documentato;;DIALOGO-ACTA | DIALOGO-WEB;Percorso residenziale dipendenze | Riabilitazione e reinserimento;Contatto comunità, valutazione e raccordo SerD.;;;Le convenzioni storiche non sono presentate come contratto attuale.;Non documentata;2026-09-20;Non effettuata;Non rilevati: capacità autorizzata/accreditata non è disponibilità;https://www.google.com/maps/search/?api=1&query=Contrada%20Malle%20snc%2C%20Trivigliano%2C%20Italia;;"Prestazione 2026 documentata da atto pubblico; non equivale a garanzia di ammissione generalizzata";MOD-051;Comunità residenziale;Dipendenze;Residenziale;34;Accreditati nel riferimentoACTA;Convenzionata documentata – inserimento/finanziamento pubblico 2026;V7.1: passaggio da convenzione storica da comprovare a rapporto pubblico 2026 documentato per specifico inserimento.;https://www.actalazio.it/in-dialogo/ | https://comunitaindialogo.it/;;Da completare / escluse;;"Da concordare con servizio inviante e accettazione; non acquisiti sistematicamente";"Individualizzata; durata specifica non consolidata";"Idoneità clinica e amministrativa da valutare; non dedotta dal solo accreditamento";Profilo del gestore / modulo: vedi fonti. Non certifica disponibilità giornaliera.;"Indirizzo pubblicato; ingresso e coordinate non verificati";Accreditati nel riferimentoACTA;Da distinguere;;Documentato/indicato nel dossier V5;;Rapporto pubblico 2026 documentato tramite specifico inserimento/autorizzazione di spesa;29/04–30/06/2026 per specifico inserimento;ASL Latina – Determinazione 29/05/2026 relativa a inserimento presso Centro Il Casale, Trivigliano;Impegno di spesa 2026 documentato per specifico inserimento;ASL Latina – Determinazione 29/05/2026 relativa a inserimento presso Centro Il Casale, Trivigliano;;34;;34;Documentata da specifico inserimento ASL Latina;Non documentato;;Privata / ente non ASL;Gestore identificato nel dossier V5;https://www.actalazio.it/in-dialogo/ | https://comunitaindialogo.it/;Ereditato V5;;Sì;Da completare / escluse;Convenzione storica: attualità da comprovare;Conservato;Nessuna nuova verifica amministrativa/clinica introdotta dalla V7 strutturale.;Da verificare 2026;Coerente o compatibile;2026-09-20;Atto ASL Latina 2026 documenta inserimento, retta e impegno di spesa presso Il Casale.;"Promosso tra le convenzionate documentate; prova riferita a specifico inserimento 2026, non a contratto generale per ogni invio.";https://comunitaindialogo.it/;Convenzionata documentata – inserimento/finanziamento pubblico 2026;Convenzionate;2026-09-20;"Classificazione V7.1 conservata; nessuna regressione introdotta nella V7.2.";Nessuna modifica sostanziale.;https://comunitaindialogo.it/;Convenzionata documentata – inserimento/finanziamento pubblico 2026;Convenzionate;2026-09-20;Classificazione V7.2 conservata salvo nuove evidenze specifiche.;Nessuna modifica sostanziale.;https://comunitaindialogo.it/;Convenzionata documentata – inserimento/finanziamento pubblico 2026;Convenzionate
CEIS-AMB;Comunità Ambrosini / PaoloVI;CeIS don Mario Picchi;Privata / ente non ASL;Roma;RM;Roma 2;Via Attilio Ambrosini,129;0654195283 / 3666370457;accoglienza@ceis.it;"Programma accreditato; il gestore dichiara convenzioni ASL e gratuità anche fuori rimborso. Contratto del singolo modulo da acquisire.";PARS 2026;Da completare;Non documentato;;CEIS-AMB-PARS | CEIS-TRASP | CEIS-CDS | CEIS-AMB-WEB | CEIS-FREE | CEIS-AMB-CDS;Percorso semiresidenziale dipendenze | Psicoterapia individuale e familiare | Psicoeducazione e reinserimento lavorativo;"Invio SerD e valutazione; adatto anche a persone con impegni lavorativi.";;Psicologi, psicoterapeuti, educatori, OSS e conduttori di laboratorio.; Convenzione a livello del gestore non trasferita automaticamente al singolo modulo: rimane nell’elenco da completare. Orari pubblicati: lun/mar/gio/ven 08:30–16:30, mer 08:30–17:00. Titolo pedagogico nella tabella trasparenza ma terapeutico nella pagina e Carta: verificare denominazione contrattuale.;Non documentata;2026-09-20;Non effettuata;Non rilevati: capacità autorizzata/accreditata non è disponibilità;https://www.google.com/maps/search/?api=1&query=Via%20Attilio%20Ambrosini%2C129%2C%20Roma%2C%20Italia;;Contratto 2025-2026 pubblicato;MOD-057;Terapeutico-riabilitativa semiresidenziale;Dipendenze;Semiresidenziale;90;Autorizzati e accreditati PARS 2026;Convenzionata documentata;;https://www.ceisroma.it/wp-content/uploads/2026/06/PARS-CEIS-AMBROSINI-2026.pdf | https://www.ceisroma.it/info-trasparenza/ | https://www.ceisroma.it/wp-content/uploads/2021/05/carta-servizi-2021.pdf | https://www.ceisroma.it/project/comunita-ambrosini-servizio-semiresidenziale-terapeutico-riabilitativo-per-persone-dipendenti/ | https://www.ceisroma.it/la-gratuita-di-tutti-i-servizi-e-il-nostro-personale/ | https://www.ceisroma.it/wp-content/uploads/2026/03/CARTA-SERVIZI-CT-AMBROSINI.pdf;;Da completare / escluse;;"Da concordare con servizio inviante e accettazione; non acquisiti sistematicamente";"Individualizzata; durata specifica non consolidata";"Adulti; Carta 2025 esclude gravi patologie psichiatriche e gravemente invalidanti. Non classificata come modulo doppia diagnosi.";Profilo del gestore / modulo: vedi fonti. Non certifica disponibilità giornaliera.;"Indirizzo pubblicato; ingresso e coordinate non verificati";Autorizzati e accreditati PARS 2026;Documentata/indicata nel dossier V5;;Documentato/indicato nel dossier V5;;Contratto 2025-2026 pubblicato dalla ASL Roma 2;2025-2026;https://aslroma2.it/index.php/62-cittadini/servizi/medicina-protesica/139-medicina-protesica;"Rapporto contrattuale 2025-2026 documentato; quota/capienza 2026 specifica da estrarre dal contratto";https://aslroma2.it/index.php/62-cittadini/servizi/medicina-protesica/139-medicina-protesica;90;90;;90;"Invio tramite rete SerD; appropriatezza e competenza da verificare per il singolo utente";Non documentato;;Privata / ente non ASL;Gestore identificato nel dossier V5;https://www.ceisroma.it/wp-content/uploads/2026/06/PARS-CEIS-AMBROSINI-2026.pdf | https://www.ceisroma.it/info-trasparenza/ | https://www.ceisroma.it/wp-content/uploads/2021/05/carta-servizi-2021.pdf | https://www.ceisroma.it/project/comunita-ambrosini-servizio-semiresidenziale-terapeutico-riabilitativo-per-persone-dipendenti/ | https://www.ceisroma.it/la-gratuita-di-tutti-i-servizi-e-il-nostro-personale/ | https://www.ceisroma.it/wp-content/uploads/2026/03/CARTA-SERVIZI-CT-AMBROSINI.pdf;Promossa al catalogo convenzionato V6;;Sì;Da completare / escluse;Accreditata: convenzione da comprovare;Promosso al catalogo convenzionato V6;Nessuna nuova verifica amministrativa/clinica introdotta dalla V7 strutturale.;Convenzionate;Da correggere / campo ereditato;;Non riesaminato in V7.1;Nessuna modifica sostanziale;;Convenzionata documentata;Convenzionate;2026-09-20;"Classificazione V7.1 conservata; nessuna regressione introdotta nella V7.2.";Nessuna modifica sostanziale.;;Convenzionata documentata;Convenzionate;2026-09-20;Classificazione V7.2 conservata salvo nuove evidenze specifiche.;Nessuna modifica sostanziale.;;Convenzionata documentata;Convenzionate
CEIS-CAP;Comunità Santa Maria / Capannelle;CeIS don Mario Picchi;Privata / ente non ASL;Roma;RM;Roma 2;Via Appia Nuova,1251;067187303;santa.maria@ceis.it;"Programma accreditato; il gestore dichiara convenzioni ASL e gratuità anche fuori rimborso. Contratto del singolo modulo da acquisire.";PARS 2026;Da completare;Non documentato;;CEIS-CAP-PARS | CEIS-TRASP | CEIS-CDS | CEIS-CAP-WEB | CEIS-FREE;Trattamento dipendenze | Psicoterapia e interventi familiari | Riabilitazione e attività di gruppo;Valutazione e autorizzazione SerD.;Adulti, uomini e donne;Psicologi, psicoterapeuti, educatori, psichiatra, OSS e conduttori di laboratorio.; Convenzione a livello del gestore non trasferita automaticamente al singolo modulo: rimane nell’elenco da completare.;Non documentata;2026-09-20;Non effettuata;Non rilevati: capacità autorizzata/accreditata non è disponibilità;https://www.google.com/maps/search/?api=1&query=Via%20Appia%20Nuova%2C1251%2C%20Roma%2C%20Italia;;Contratto 2025-2026 pubblicato;MOD-058;Terapeutico-riabilitativa residenziale;Dipendenze;Residenziale;;Non consolidata;Convenzionata documentata;;https://www.ceisroma.it/wp-content/uploads/2026/06/PARS-CEIS-CAPANNELLE-2026.pdf | https://www.ceisroma.it/info-trasparenza/ | https://www.ceisroma.it/wp-content/uploads/2021/05/carta-servizi-2021.pdf | https://www.ceisroma.it/project/comunita-santa-maria-servizio-residenziale-terapeutico-riabilitativo-per-persone-dipendenti/ | https://www.ceisroma.it/la-gratuita-di-tutti-i-servizi-e-il-nostro-personale/;;Da completare / escluse;;"Da concordare con servizio inviante e accettazione; non acquisiti sistematicamente";"Individualizzata; durata specifica non consolidata";"Idoneità clinica e amministrativa da valutare; non dedotta dal solo accreditamento";Profilo del gestore / modulo: vedi fonti. Non certifica disponibilità giornaliera.;"Indirizzo pubblicato; ingresso e coordinate non verificati";Capacità del modulo non consolidata;Da distinguere;;Documentato/indicato nel dossier V5;;Contratto 2025-2026 pubblicato dalla ASL Roma 2;2025-2026;https://aslroma2.it/index.php/62-cittadini/servizi/medicina-protesica/139-medicina-protesica;"Rapporto contrattuale 2025-2026 documentato; quota/capienza 2026 specifica da estrarre dal contratto";https://aslroma2.it/index.php/62-cittadini/servizi/medicina-protesica/139-medicina-protesica;;;;;"Invio tramite rete SerD; appropriatezza e competenza da verificare per il singolo utente";Non documentato;;Privata / ente non ASL;Gestore identificato nel dossier V5;https://www.ceisroma.it/wp-content/uploads/2026/06/PARS-CEIS-CAPANNELLE-2026.pdf | https://www.ceisroma.it/info-trasparenza/ | https://www.ceisroma.it/wp-content/uploads/2021/05/carta-servizi-2021.pdf | https://www.ceisroma.it/project/comunita-santa-maria-servizio-residenziale-terapeutico-riabilitativo-per-persone-dipendenti/ | https://www.ceisroma.it/la-gratuita-di-tutti-i-servizi-e-il-nostro-personale/;Promossa al catalogo convenzionato V6;;Sì;Da completare / escluse;Accreditata: convenzione da comprovare;Promosso al catalogo convenzionato V6;Nessuna nuova verifica amministrativa/clinica introdotta dalla V7 strutturale.;Convenzionate;Da correggere / campo ereditato;;Non riesaminato in V7.1;Nessuna modifica sostanziale;;Convenzionata documentata;Convenzionate;2026-09-20;"Classificazione V7.1 conservata; nessuna regressione introdotta nella V7.2.";Nessuna modifica sostanziale.;;Convenzionata documentata;Convenzionate;2026-09-20;Classificazione V7.2 conservata salvo nuove evidenze specifiche.;Nessuna modifica sostanziale.;;Convenzionata documentata;Convenzionate
R2-LAT;Associazione La Tenda ETS;Associazione La Tenda ETS;Privata / ente non ASL;Roma;RM;Roma 2;Via del Frantoio, 58;;;Contratto 2025-2026 pubblicato dalla ASL Roma 2;2025-2026;Contratto ufficiale / fonte istituzionale;Non documentato;;https://aslroma2.it/index.php/62-cittadini/servizi/medicina-protesica/139-medicina-protesica | https://www.associazionelatenda.org/;Programma terapeutico-riabilitativo per dipendenze in regime semiresidenziale;Percorso con SerD / valutazione di idoneità;;;;Non documentata;2026-09-20;Non effettuata;Non rilevati: capacità non equivale a disponibilità;https://www.google.com/maps/search/?api=1&query=Via%20del%20Frantoio%2C%2058%2C%20Roma%2C%20Italia;https://aslroma2.it/index.php/62-cittadini/servizi/medicina-protesica/139-medicina-protesica;2025-2026;MOD-086;Comunità terapeutica semiresidenziale;Dipendenze;Semiresidenziale;;"Accreditata SSN; capacità da acquisire";Convenzionata documentata;;https://aslroma2.it/index.php/62-cittadini/servizi/medicina-protesica/139-medicina-protesica | https://www.associazionelatenda.org/;;Convenzionate V6;https://aslroma2.it/index.php/62-cittadini/servizi/medicina-protesica/139-medicina-protesica;;;;Fonte gestore/istituzionale;Indirizzo pubblicato;"Accreditata SSN; capacità da acquisire";Autorizzazione da decreto da acquisire;https://aslroma2.it/index.php/62-cittadini/servizi/medicina-protesica/139-medicina-protesica | https://www.associazionelatenda.org/;Accreditamento SSN dichiarato dal gestore;https://aslroma2.it/index.php/62-cittadini/servizi/medicina-protesica/139-medicina-protesica | https://www.associazionelatenda.org/;Contratto 2025-2026 pubblicato dalla ASL Roma 2;2025-2026;https://aslroma2.it/index.php/62-cittadini/servizi/medicina-protesica/139-medicina-protesica;Da verificare;;;;;;"Accesso tramite rete SerD; appropriatezza/competenza da verificare";Non documentato;;Privata / ente non ASL;Gestore identificato nelle fonti;https://aslroma2.it/index.php/62-cittadini/servizi/medicina-protesica/139-medicina-protesica | https://www.associazionelatenda.org/;Nuovo V6;;No;;;Nuovo in V6;Nessuna nuova verifica amministrativa/clinica introdotta dalla V7 strutturale.;Convenzionate;Coerente o compatibile;;Non riesaminato in V7.1;Nessuna modifica sostanziale;;Convenzionata documentata;Convenzionate;2026-09-20;"Classificazione V7.1 conservata; nessuna regressione introdotta nella V7.2.";Nessuna modifica sostanziale.;;Convenzionata documentata;Convenzionate;2026-09-20;Classificazione V7.2 conservata salvo nuove evidenze specifiche.;Nessuna modifica sostanziale.;;Convenzionata documentata;Convenzionate
R2-IO;IO Centro ETS;Centro Permanente Prevenzione alle Tossicodipendenze - IO Centro ETS;Privata / ente non ASL;Roma;RM;Roma 2;Roma - sede da confermare nel contratto;06 4382379;direzione@iocentro.it;Contratto 2025-2026 pubblicato dalla ASL Roma 2;2025-2026;Contratto ufficiale / fonte istituzionale;Non documentato;;https://aslroma2.it/index.php/62-cittadini/servizi/medicina-protesica/139-medicina-protesica | https://www.iocentro.it/index.php/2019/03/15/comunita-terapeutica/ | https://www.iocentro.it/index.php/2019/03/15/liste-di-attesa/;"PTI semiresidenziale per dipendenze patologiche; reinserimento; lavoro con SerD e magistratura";"Colloqui di accoglienza; certificazione SerD quando pertinente; valutazione idoneità";;;Lista 15/06/2026: 8 accreditati, 4 occupati, 2 disponibili, 2 in attesa di occupazione. Dato dinamico, non usato come disponibilità attuale.;Non documentata;2026-09-20;Non effettuata;Non rilevati: capacità non equivale a disponibilità;https://www.google.com/maps/search/?api=1&query=Roma%20-%20sede%20da%20confermare%20nel%20contratto%2C%20Roma%2C%20Italia;https://aslroma2.it/index.php/62-cittadini/servizi/medicina-protesica/139-medicina-protesica;2025-2026;MOD-087;Comunità terapeutica semiresidenziale;Dipendenze;Semiresidenziale;8;"8 posti autorizzati/accreditati; lista attesa aggiornata 15/06/2026";Convenzionata documentata;Lista 15/06/2026: 8 accreditati, 4 occupati, 2 disponibili, 2 in attesa di occupazione. Dato dinamico, non usato come disponibilità attuale.;https://aslroma2.it/index.php/62-cittadini/servizi/medicina-protesica/139-medicina-protesica | https://www.iocentro.it/index.php/2019/03/15/comunita-terapeutica/ | https://www.iocentro.it/index.php/2019/03/15/liste-di-attesa/;;Convenzionate V6;https://aslroma2.it/index.php/62-cittadini/servizi/medicina-protesica/139-medicina-protesica;;;;Fonte gestore/istituzionale;Indirizzo pubblicato;"8 posti autorizzati/accreditati; lista attesa aggiornata 15/06/2026";Autorizzata per 8 posti;https://aslroma2.it/index.php/62-cittadini/servizi/medicina-protesica/139-medicina-protesica | https://www.iocentro.it/index.php/2019/03/15/comunita-terapeutica/ | https://www.iocentro.it/index.php/2019/03/15/liste-di-attesa/;DCA U00411/2014 + integrazione U00169/2017, 8 posti;https://aslroma2.it/index.php/62-cittadini/servizi/medicina-protesica/139-medicina-protesica | https://www.iocentro.it/index.php/2019/03/15/comunita-terapeutica/ | https://www.iocentro.it/index.php/2019/03/15/liste-di-attesa/;Contratto 2025-2026 pubblicato dalla ASL Roma 2;2025-2026;https://aslroma2.it/index.php/62-cittadini/servizi/medicina-protesica/139-medicina-protesica;Da verificare;;8;8;;8;Prevalentemente utenti con SerD di riferimento;Non documentato;;Privata / ente non ASL;Gestore identificato nelle fonti;https://aslroma2.it/index.php/62-cittadini/servizi/medicina-protesica/139-medicina-protesica | https://www.iocentro.it/index.php/2019/03/15/comunita-terapeutica/ | https://www.iocentro.it/index.php/2019/03/15/liste-di-attesa/;Nuovo V6;Lista 15/06/2026: 8 accreditati, 4 occupati, 2 disponibili, 2 in attesa di occupazione. Dato dinamico, non usato come disponibilità attuale.;No;;;Nuovo in V6;Nessuna nuova verifica amministrativa/clinica introdotta dalla V7 strutturale.;Convenzionate;Coerente o compatibile;;Non riesaminato in V7.1;Nessuna modifica sostanziale;;Convenzionata documentata;Convenzionate;2026-09-20;"Classificazione V7.1 conservata; nessuna regressione introdotta nella V7.2.";Nessuna modifica sostanziale.;;Convenzionata documentata;Convenzionate;2026-09-20;Classificazione V7.2 conservata salvo nuove evidenze specifiche.;Nessuna modifica sostanziale.;;Convenzionata documentata;Convenzionate
R2-VMAR;Fondazione Villa Maraini ETS;Fondazione Villa Maraini ETS / Croce Rossa Italiana;Privata / ente non ASL;Roma;RM;Roma 2;Via Bernardino Ramazzini, 31;06 5587777 / 06 65753055;fondazione@villamaraini.it;Contratto 2025-2026 pubblicato dalla ASL Roma 2;2025-2026;Contratto ufficiale / fonte istituzionale;Non documentato;;https://aslroma2.it/index.php/62-cittadini/servizi/medicina-protesica/139-medicina-protesica | https://villamaraini.it/attivita/servizio-terapeutico-residenziale/ | https://villamaraini.it/;Comunità terapeutica residenziale H24 per dipendenze, anche alternativa alla detenzione;"Accoglienza e PTI; raccordo con SerD/giustizia quando pertinente";;;;Non documentata;2026-09-20;Non effettuata;Non rilevati: capacità non equivale a disponibilità;https://www.google.com/maps/search/?api=1&query=Via%20Bernardino%20Ramazzini%2C%2031%2C%20Roma%2C%20Italia;https://aslroma2.it/index.php/62-cittadini/servizi/medicina-protesica/139-medicina-protesica;2025-2026;MOD-088;Servizio Terapeutico Residenziale;Dipendenze;Residenziale;20;20 posti nel percorso di accreditamento regionale 2023;Convenzionata documentata;;https://aslroma2.it/index.php/62-cittadini/servizi/medicina-protesica/139-medicina-protesica | https://villamaraini.it/attivita/servizio-terapeutico-residenziale/ | https://villamaraini.it/;;Convenzionate V6;https://aslroma2.it/index.php/62-cittadini/servizi/medicina-protesica/139-medicina-protesica;;;;Fonte gestore/istituzionale;Indirizzo pubblicato;20 posti nel percorso di accreditamento regionale 2023;Autorizzazione documentata;https://aslroma2.it/index.php/62-cittadini/servizi/medicina-protesica/139-medicina-protesica | https://villamaraini.it/attivita/servizio-terapeutico-residenziale/ | https://villamaraini.it/;Accreditamento Regione Lazio deliberazione 24/2023;https://aslroma2.it/index.php/62-cittadini/servizi/medicina-protesica/139-medicina-protesica | https://villamaraini.it/attivita/servizio-terapeutico-residenziale/ | https://villamaraini.it/;Contratto 2025-2026 pubblicato dalla ASL Roma 2;2025-2026;https://aslroma2.it/index.php/62-cittadini/servizi/medicina-protesica/139-medicina-protesica;Da verificare;;;20;;20;Fonti regionali documentano utenza proveniente da diverse ASL del Lazio;Non documentato;;Privata / ente non ASL;Gestore identificato nelle fonti;https://aslroma2.it/index.php/62-cittadini/servizi/medicina-protesica/139-medicina-protesica | https://villamaraini.it/attivita/servizio-terapeutico-residenziale/ | https://villamaraini.it/;Nuovo V6;;No;;;Nuovo in V6;Nessuna nuova verifica amministrativa/clinica introdotta dalla V7 strutturale.;Convenzionate;Coerente o compatibile;;Non riesaminato in V7.1;Nessuna modifica sostanziale;;Convenzionata documentata;Convenzionate;2026-09-20;"Classificazione V7.1 conservata; nessuna regressione introdotta nella V7.2.";Nessuna modifica sostanziale.;;Convenzionata documentata;Convenzionate;2026-09-20;Classificazione V7.2 conservata salvo nuove evidenze specifiche.;Nessuna modifica sostanziale.;;Convenzionata documentata;Convenzionate
R2-VMAR;Fondazione Villa Maraini ETS;Fondazione Villa Maraini ETS / Croce Rossa Italiana;Privata / ente non ASL;Roma;RM;Roma 2;Via Bernardino Ramazzini, 31;06 65753057;ctdiurna@villamaraini.it;Contratto 2025-2026 pubblicato dalla ASL Roma 2;2025-2026;Contratto ufficiale / fonte istituzionale;Non documentato;;https://aslroma2.it/index.php/62-cittadini/servizi/medicina-protesica/139-medicina-protesica | https://villamaraini.it/attivita/comunita-terapeudica-semiresidenziale/ | https://villamaraini.it/;"Percorso terapeutico semiresidenziale diurno; attività cliniche, educative e riabilitative";"Percorso individualizzato; contatto e raccordo con SerD";;;Sito corrente: fase semiresidenziale circa 24 mesi + circa 1 anno ambulatoriale di verifica esterna.;Non documentata;2026-09-20;Non effettuata;Non rilevati: capacità non equivale a disponibilità;https://www.google.com/maps/search/?api=1&query=Via%20Bernardino%20Ramazzini%2C%2031%2C%20Roma%2C%20Italia;https://aslroma2.it/index.php/62-cittadini/servizi/medicina-protesica/139-medicina-protesica;2025-2026;MOD-089;Comunità terapeutica semiresidenziale diurna;Dipendenze;Semiresidenziale;30;30 posti autorizzati/accreditati nel percorso regionale;Convenzionata documentata;Sito corrente: fase semiresidenziale circa 24 mesi + circa 1 anno ambulatoriale di verifica esterna.;https://aslroma2.it/index.php/62-cittadini/servizi/medicina-protesica/139-medicina-protesica | https://villamaraini.it/attivita/comunita-terapeudica-semiresidenziale/ | https://villamaraini.it/;;Convenzionate V6;https://aslroma2.it/index.php/62-cittadini/servizi/medicina-protesica/139-medicina-protesica;;;;Fonte gestore/istituzionale;Indirizzo pubblicato;30 posti autorizzati/accreditati nel percorso regionale;Autorizzazione documentata;https://aslroma2.it/index.php/62-cittadini/servizi/medicina-protesica/139-medicina-protesica | https://villamaraini.it/attivita/comunita-terapeudica-semiresidenziale/ | https://villamaraini.it/;Accreditamento regionale del servizio;https://aslroma2.it/index.php/62-cittadini/servizi/medicina-protesica/139-medicina-protesica | https://villamaraini.it/attivita/comunita-terapeudica-semiresidenziale/ | https://villamaraini.it/;Contratto 2025-2026 pubblicato dalla ASL Roma 2;2025-2026;https://aslroma2.it/index.php/62-cittadini/servizi/medicina-protesica/139-medicina-protesica;Da verificare;;30;30;;30;Fabbisogno descritto su scala regionale Lazio;Non documentato;;Privata / ente non ASL;Gestore identificato nelle fonti;https://aslroma2.it/index.php/62-cittadini/servizi/medicina-protesica/139-medicina-protesica | https://villamaraini.it/attivita/comunita-terapeudica-semiresidenziale/ | https://villamaraini.it/;Nuovo V6;Sito corrente: fase semiresidenziale circa 24 mesi + circa 1 anno ambulatoriale di verifica esterna.;No;;;Nuovo in V6;Nessuna nuova verifica amministrativa/clinica introdotta dalla V7 strutturale.;Convenzionate;Coerente o compatibile;;Non riesaminato in V7.1;Nessuna modifica sostanziale;;Convenzionata documentata;Convenzionate;2026-09-20;"Classificazione V7.1 conservata; nessuna regressione introdotta nella V7.2.";Nessuna modifica sostanziale.;;Convenzionata documentata;Convenzionate;2026-09-20;Classificazione V7.2 conservata salvo nuove evidenze specifiche.;Nessuna modifica sostanziale.;;Convenzionata documentata;Convenzionate
R2-VMAR;Fondazione Villa Maraini ETS;Fondazione Villa Maraini ETS / Croce Rossa Italiana;Privata / ente non ASL;Roma;RM;Roma 2;Via Bernardino Ramazzini, 31;06 5587777 / 06 65753055;fondazione@villamaraini.it;Contratto 2025-2026 del provider pubblicato dalla ASL Roma 2;2025-2026;Contratto ufficiale / fonte istituzionale;Non documentato;;https://aslroma2.it/index.php/62-cittadini/servizi/medicina-protesica/139-medicina-protesica | https://villamaraini.it/;Accoglienza semiresidenziale notturna a bassa soglia per dipendenze;Dettagli da acquisire;;;;Non documentata;2026-09-20;Non effettuata;Non rilevati: capacità non equivale a disponibilità;https://www.google.com/maps/search/?api=1&query=Via%20Bernardino%20Ramazzini%2C%2031%2C%20Roma%2C%20Italia;https://aslroma2.it/index.php/62-cittadini/servizi/medicina-protesica/139-medicina-protesica;2025-2026;MOD-090;Accoglienza semiresidenziale notturna SRRD;Dipendenze;Semiresidenziale;15;15 posti autorizzati nel percorso regionale;Convenzionata documentata;;https://aslroma2.it/index.php/62-cittadini/servizi/medicina-protesica/139-medicina-protesica | https://villamaraini.it/;;Convenzionate V6;https://aslroma2.it/index.php/62-cittadini/servizi/medicina-protesica/139-medicina-protesica;;;;Fonte gestore/istituzionale;Indirizzo pubblicato;15 posti autorizzati nel percorso regionale;Autorizzazione documentata;https://aslroma2.it/index.php/62-cittadini/servizi/medicina-protesica/139-medicina-protesica | https://villamaraini.it/;Percorso di accreditamento regionale documentato;https://aslroma2.it/index.php/62-cittadini/servizi/medicina-protesica/139-medicina-protesica | https://villamaraini.it/;Contratto 2025-2026 del provider pubblicato dalla ASL Roma 2;2025-2026;https://aslroma2.it/index.php/62-cittadini/servizi/medicina-protesica/139-medicina-protesica;Da verificare;;15;;;15;Fabbisogno descritto su scala regionale Lazio;Non documentato;;Privata / ente non ASL;Gestore identificato nelle fonti;https://aslroma2.it/index.php/62-cittadini/servizi/medicina-protesica/139-medicina-protesica | https://villamaraini.it/;Nuovo V6;;No;;;Nuovo in V6;Nessuna nuova verifica amministrativa/clinica introdotta dalla V7 strutturale.;Convenzionate;Coerente o compatibile;;Non riesaminato in V7.1;Nessuna modifica sostanziale;;Convenzionata documentata;Convenzionate;2026-09-20;"Classificazione V7.1 conservata; nessuna regressione introdotta nella V7.2.";Nessuna modifica sostanziale.;;Convenzionata documentata;Convenzionate;2026-09-20;Classificazione V7.2 conservata salvo nuove evidenze specifiche.;Nessuna modifica sostanziale.;;Convenzionata documentata;Convenzionate
NO-PIG;Nuovi Orizzonti – Comunità di Piglio;Associazione di volontariato Nuovi Orizzonti;Privata / ente non ASL;Piglio;FR;Frosinone;Via Prenestina, 95;0775 502353 / 392 9040842;info@nuoviorizzonti.org;ASL 1 Abruzzo ha liquidato fatture gennaio–maggio 2026 per prestazioni dell’area dipendenze presso la Comunità di Piglio.;Verifica web 20/09/2026;Atto ufficiale di liquidazione ASL 2026;Non documentato;;;"Cura e riabilitazione delle dipendenze; percorso residenziale";Invio SerD/servizio competente e valutazione della struttura.;"Adulti; verificare criteri specifici";;;Non documentata;2026-09-20;Non effettuata;Non rilevati: capacità documentata non equivale a disponibilità;https://www.google.com/maps/search/?api=1&query=Via%20Prenestina%2C%2095%2C%20Piglio%2C%20Italia;;Vedi prova e annualità indicate;MOD-107;Pedagogico-riabilitativa residenziale;Dipendenze;Residenziale;24;Accreditati/documentati secondo fonte;Convenzionata documentata – liquidazioni pubbliche 2026;Aggiunto in V7.3 dopo confronto indipendente con elenchi/atti esterni.;https://asl1abruzzo.patisweb.it/page/103/details/248940/prestazioni-sanitarie-relative-allarea-delle-dipendenze-patologiche-rete-privata-accreditata-liquidazione-fatture-periodo-gennaiomaggio-2026-associazione-di-volontariato-onlus-nuovi-orizzonti-comunita-di-piglio-fr.html | https://www.nuoviorizzonti.org/;;;;Da concordare con servizio inviante e struttura;Individualizzata;Idoneità clinica e amministrativa da valutare;Fonte gestore/istituzionale corrente;Indirizzo pubblicato;Accreditamento documentato;Documentata;;Accreditata (elenco nazionale/regionale storico + pagamento pubblico 2026);;Rapporto pubblico 2026 documentato;;;Impegno/liquidazione 2026 documentati;;;24;;24;Documentata/prevista tramite SerD;Non documentato;;Privata / ente non ASL;Gestore identificato da fonti correnti;https://asl1abruzzo.patisweb.it/page/103/details/248940/prestazioni-sanitarie-relative-allarea-delle-dipendenze-patologiche-rete-privata-accreditata-liquidazione-fatture-periodo-gennaiomaggio-2026-associazione-di-volontariato-onlus-nuovi-orizzonti-comunita-di-piglio-fr.html | https://www.nuoviorizzonti.org/;Non presente;;No;;;Nuovo in V7.3;"Assente nelle versioni precedenti; aggiunto in V7.3.";Non censito;N/A;;;;;Non censito;Non censito;;;;;Non censito;Non censito;2026-09-20;ASL 1 Abruzzo ha liquidato fatture gennaio–maggio 2026 per prestazioni dell’area dipendenze presso la Comunità di Piglio.;Aggiunto al censimento V7.3.;https://asl1abruzzo.patisweb.it/page/103/details/248940/prestazioni-sanitarie-relative-allarea-delle-dipendenze-patologiche-rete-privata-accreditata-liquidazione-fatture-periodo-gennaiomaggio-2026-associazione-di-volontariato-onlus-nuovi-orizzonti-comunita-di-piglio-fr.html | https://www.nuoviorizzonti.org/;Convenzionata documentata – liquidazioni pubbliche 2026;Convenzionate
FRAT-SOL;Fratello Sole – Santa Severa;Cooperate Soc. Coop. Sociale;Privata / ente non ASL;Santa Marinella;RM;Roma 4;Via dei Normanni, 8-10 – Santa Severa;0766 571392 / 0766 570859;amministrazione@cooperate.it;ASL Latina ha prorogato un inserimento e integrato l’impegno di spesa nel 2026 presso Fratello Sole.;Verifica web 20/09/2026;Determine ufficiali ASL Latina 2026;Non documentato;;;"Cura e riabilitazione delle dipendenze; percorso residenziale";Invio SerD/servizio competente e valutazione della struttura.;"Adulti; verificare criteri specifici";;;Non documentata;2026-09-20;Non effettuata;Non rilevati: capacità documentata non equivale a disponibilità;https://www.google.com/maps/search/?api=1&query=Via%20dei%20Normanni%2C%208-10%20%E2%80%93%20Santa%20Severa%2C%20Santa%20Marinella%2C%20Italia;;Vedi prova e annualità indicate;MOD-108;Terapeutico-riabilitativa residenziale;Dipendenze;Residenziale;28;Accreditati/documentati secondo fonte;Convenzionata documentata – inserimento e impegno di spesa 2026;Aggiunto in V7.3 dopo confronto indipendente con elenchi/atti esterni.;https://www.ausl.latina.it/AlboOnLine/miu7.do?link=ln4&miu7.icp1=15442&miu7.icp2=15445&pwu2.sortCriteria=att6%3AA&sp=page2 | https://www.ausl.latina.it/AlboOnLine/miu2.do?link=ln38&miu2.icp1=16220&miu2.icp2=16221&pwu1md.sortCriteria=att7md%3AD&sp=page2md | https://www.cooperate.it/servizi/santa_severa/comunita_psicoterapeutica_residenziale.html;;;;Da concordare con servizio inviante e struttura;Individualizzata;Idoneità clinica e amministrativa da valutare;Fonte gestore/istituzionale corrente;Indirizzo pubblicato;Accreditamento documentato;Documentata;;Accreditata DCA U00527/2013;;Rapporto pubblico 2026 documentato;;;Impegno/liquidazione 2026 documentati;;;28;;28;Documentata/prevista tramite SerD;Non documentato;;Privata / ente non ASL;Gestore identificato da fonti correnti;https://www.ausl.latina.it/AlboOnLine/miu7.do?link=ln4&miu7.icp1=15442&miu7.icp2=15445&pwu2.sortCriteria=att6%3AA&sp=page2 | https://www.ausl.latina.it/AlboOnLine/miu2.do?link=ln38&miu2.icp1=16220&miu2.icp2=16221&pwu1md.sortCriteria=att7md%3AD&sp=page2md | https://www.cooperate.it/servizi/santa_severa/comunita_psicoterapeutica_residenziale.html;Non presente;;No;;;Nuovo in V7.3;"Assente nelle versioni precedenti; aggiunto in V7.3.";Non censito;N/A;;;;;Non censito;Non censito;;;;;Non censito;Non censito;2026-09-20;ASL Latina ha prorogato un inserimento e integrato l’impegno di spesa nel 2026 presso Fratello Sole.;Aggiunto al censimento V7.3.;https://www.ausl.latina.it/AlboOnLine/miu7.do?link=ln4&miu7.icp1=15442&miu7.icp2=15445&pwu2.sortCriteria=att6%3AA&sp=page2 | https://www.ausl.latina.it/AlboOnLine/miu2.do?link=ln38&miu2.icp1=16220&miu2.icp2=16221&pwu1md.sortCriteria=att7md%3AD&sp=page2md | https://www.cooperate.it/servizi/santa_severa/comunita_psicoterapeutica_residenziale.html;Convenzionata documentata – inserimento e impegno di spesa 2026;Convenzionate
PONTE-CV;Il Ponte – Centro di Solidarietà;Il Ponte – Centro di Solidarietà Onlus;Privata / ente non ASL;Civitavecchia;RM;Roma 4;Via Amba Aradam, 25;0766 35780;segreteria@ilpontecivitavecchia.it;ASL Latina ha rettificato nel 2026 un impegno di spesa per paziente ospite della comunità terapeutica Il Ponte di Civitavecchia.;Verifica web 20/09/2026;Determina ufficiale ASL Latina 2026;Non documentato;;;"Cura e riabilitazione delle dipendenze; percorso residenziale";Invio SerD/servizio competente e valutazione della struttura.;"Adulti; verificare criteri specifici";;;Non documentata;2026-09-20;Non effettuata;Non rilevati: capacità documentata non equivale a disponibilità;https://www.google.com/maps/search/?api=1&query=Via%20Amba%20Aradam%2C%2025%2C%20Civitavecchia%2C%20Italia;;Vedi prova e annualità indicate;MOD-109;Terapeutico-riabilitativa residenziale;Dipendenze;Residenziale;24;Accreditati/documentati secondo fonte;Convenzionata documentata – impegno di spesa 2026;Aggiunto in V7.3 dopo confronto indipendente con elenchi/atti esterni.;https://www.ausl.latina.it/AlboOnLine/miu8.do?acond15=2&inu1.current.att1=2&link=ln36&miu8.icp11=15671&miu8.icp12=15669&mssu1.shownMessages=Unable+to+execute+service&pwu1md.sortCriteria=att17md%3AA&sp=page2md | https://www.ilpontecivitavecchia.it/;;;;Da concordare con servizio inviante e struttura;Individualizzata;Idoneità clinica e amministrativa da valutare;Fonte gestore/istituzionale corrente;Indirizzo pubblicato;Accreditamento documentato;Documentata;;Accreditata DCA U00121/2015;;Rapporto pubblico 2026 documentato;;;Impegno/liquidazione 2026 documentati;;;24;;24;Documentata/prevista tramite SerD;Non documentato;;Privata / ente non ASL;Gestore identificato da fonti correnti;https://www.ausl.latina.it/AlboOnLine/miu8.do?acond15=2&inu1.current.att1=2&link=ln36&miu8.icp11=15671&miu8.icp12=15669&mssu1.shownMessages=Unable+to+execute+service&pwu1md.sortCriteria=att17md%3AA&sp=page2md | https://www.ilpontecivitavecchia.it/;Non presente;;No;;;Nuovo in V7.3;"Assente nelle versioni precedenti; aggiunto in V7.3.";Non censito;N/A;;;;;Non censito;Non censito;;;;;Non censito;Non censito;2026-09-20;ASL Latina ha rettificato nel 2026 un impegno di spesa per paziente ospite della comunità terapeutica Il Ponte di Civitavecchia.;Aggiunto al censimento V7.3.;https://www.ausl.latina.it/AlboOnLine/miu8.do?acond15=2&inu1.current.att1=2&link=ln36&miu8.icp11=15671&miu8.icp12=15669&mssu1.shownMessages=Unable+to+execute+service&pwu1md.sortCriteria=att17md%3AA&sp=page2md | https://www.ilpontecivitavecchia.it/;Convenzionata documentata – impegno di spesa 2026;Convenzionate
