id_fonte_v7_2;url;dominio;annualita_nell_url;origini_nel_dataset;territori_collegati;moduli_collegati;strutture_collegate;verifica_link_v7_2;moduli;strutture;ultima_verifica
F72-0001;https://asl.vt.it/centro-diurno-dsm;asl.vt.it;;rete pubblica | verifica rete pubblica V7.2;ASL Viterbo;;Centro Diurno DSM Civita Castellana | Centro Diurno DSM Tarquinia | Centro Diurno DSM Viterbo | Centro Diurno Montefiascone;"URL estratto dal dataset; disponibilità live non garantita";;;
F72-0002;https://asl.vt.it/csm-centro-di-salute-mentale;asl.vt.it;;rete pubblica | verifica rete pubblica V7.2;ASL Viterbo;;CSM / ambulatorio Acquapendente | CSM / ambulatorio Bagnoregio | CSM / ambulatorio Canino | CSM / ambulatorio Capranica | CSM / ambulatorio Civita Castellana | CSM / ambulatorio Fabrica di Roma | CSM / ambulatorio Montalto di Castro | CSM / ambulatorio Montefiascone | CSM / ambulatorio Nepi | CSM / ambulatorio Orte | CSM / ambulatorio Ronciglione | CSM / ambulatorio Soriano nel Cimino | CSM / ambulatorio Tarquinia | CSM / ambulatorio Tuscania | CSM / ambulatorio Valentano | CSM / ambulatorio Vetralla | CSM / ambulatorio Vignanello | CSM / ambulatorio Viterbo;"URL estratto dal dataset; disponibilità live non garantita";;;
F72-0003;https://asl.vt.it/droga-alcol-fumo-e-gioco-d-azzardo;asl.vt.it;;rete pubblica | verifica rete pubblica V7.2;ASL Viterbo;;SerD Civita Castellana | SerD Montefiascone | SerD Tarquinia | SerD Viterbo;"URL estratto dal dataset; disponibilità live non garantita";;;
F72-0004;https://asl.vt.it/index.php/dsm-dipartimento-di-salute-mentale;asl.vt.it;;rete pubblica | verifica rete pubblica V7.2;ASL Viterbo;;DSM Viterbo — segreteria;"URL estratto dal dataset; disponibilità live non garantita";;;
F72-0005;https://asl.vt.it/srsr-strutture-residenziali-socio-riabilitative;asl.vt.it;;rete pubblica | verifica rete pubblica V7.2;ASL Viterbo;;SRSR H24 Villa San Giuseppe | SRSR Marco Binelli;"URL estratto dal dataset; disponibilità live non garantita";;;
F72-0006;https://asl.vt.it/strutture-private-accreditate;asl.vt.it;;moduli;Viterbo;MOD-091;Agatos – Comunità Francesco Giugliarelli;"URL estratto dal dataset; disponibilità live non garantita";;;
F72-0007;https://asl.vt.it/tsmree-tutela-salute-mentale-e-riabilitazione-dell-eta-evolutiva;asl.vt.it;;rete pubblica | verifica rete pubblica V7.2;VT;;TSMREE Acquapendente | TSMREE Montefiascone | TSMREE Tarquinia | TSMREE Tuscania | TSMREE Viterbo;"URL estratto dal dataset; disponibilità live non garantita";;;
F72-0008;https://asl1abruzzo.patisweb.it/page/103/details/249395/prestazioni-di-assistenza-sanitaria-rete-privata-accreditata-insita-fuori-regione-liquidazione-fatture-maggiogiugno-2026-gesti-var-srl-srtr-estensiva-borgo-san-tommaso-roccasecca-fr.html;asl1abruzzo.patisweb.it;2026;moduli | verifica privata V7.2;Frosinone;MOD-094;Borgo San Tommaso;"URL estratto dal dataset; disponibilità live non garantita";;;
F72-0009;https://aslbenevento-appalti.maggiolicloud.it/PortaleAppalti/it/ppgare_esiti_lista.wp?actionPath=%2FExtStr2%2Fdo%2FFrontEnd%2FEsiti%2Fview.action&codice=G01544&currentFrame=7;aslbenevento-appalti.maggiolicloud.it;;moduli | verifica privata V7.2;Viterbo;MOD-091;Agatos – Comunità Francesco Giugliarelli;"URL estratto dal dataset; disponibilità live non garantita";;;
F72-0010;https://aslroma2.it/index.php/62-cittadini/servizi/medicina-protesica/139-medicina-protesica;aslroma2.it;;moduli;Roma 2;MOD-086 | MOD-087 | MOD-088 | MOD-089 | MOD-090;Associazione La Tenda ETS | Fondazione Villa Maraini ETS | IO Centro ETS;"URL estratto dal dataset; disponibilità live non garantita";;;
F72-0011;https://ceis.viterbo.it/comunita-doppia-diagnosi/;ceis.viterbo.it;;moduli | verifica privata V7.2;Viterbo;MOD-056;Campus Calisto Felli;"URL estratto dal dataset; disponibilità live non garantita";;;
F72-0012;https://ceis.viterbo.it/comunita-terapeutica/;ceis.viterbo.it;;moduli | verifica privata V7.2;Viterbo;MOD-054;Santa Maria della Quercia;"URL estratto dal dataset; disponibilità live non garantita";;;
F72-0013;https://ceis.viterbo.it/strutture/;ceis.viterbo.it;;moduli | verifica privata V7.2;Viterbo;MOD-055;Palanzana;"URL estratto dal dataset; disponibilità live non garantita";;;
F72-0014;https://ceis.viterbo.it/wp-content/uploads/2022/09/carta-dei-servizi-rev-rev4-10-07-2023.pdf;ceis.viterbo.it;2022, 2023;moduli | verifica privata V7.2;Viterbo;MOD-056;Campus Calisto Felli;"URL estratto dal dataset; disponibilità live non garantita";;;
F72-0015;https://comunitaindialogo.it/;comunitaindialogo.it;;moduli | verifica privata V7.2;Frosinone;MOD-050 | MOD-051;In Dialogo — Il Casale | In Dialogo — Nuova Era;"URL estratto dal dataset; disponibilità live non garantita";;;
F72-0016;https://comunitaindialogo.it/centri-in-italia/nuova-era/;comunitaindialogo.it;;moduli | verifica privata V7.2;Frosinone;MOD-050;In Dialogo — Nuova Era;"URL estratto dal dataset; disponibilità live non garantita";;;
F72-0017;https://comunitamassimo.org/resources/carta-servizi-28-10-2019.pdf;comunitamassimo.org;2019;moduli | verifica privata V7.2;Roma 6;MOD-049;C. Massimo;"URL estratto dal dataset; disponibilità live non garantita";;;
F72-0018;https://conteinrete.it/vademecum/;conteinrete.it;;rete pubblica | verifica rete pubblica V7.2;ASL Roma 6 | R6;;CSM Anzio/Nettuno | CSM Ariccia | CSM Ciampino | CSM Frascati | CSM Pomezia | CSM Velletri | SerD Anzio/Nettuno | SerD Ciampino | SerD Frascati | SerD Genzano | SerD Velletri | TSMREE Ariccia | TSMREE Frascati | TSMREE Velletri;"URL estratto dal dataset; disponibilità live non garantita";;;
F72-0019;https://gestivar.it/contatti/;gestivar.it;;moduli | verifica privata V7.2;Frosinone;MOD-094 | MOD-095 | MOD-097;Borgo San Tommaso | Montello / Gesti-Var;"URL estratto dal dataset; disponibilità live non garantita";;;
F72-0020;https://gestivar.it/le-strutture/;gestivar.it;;moduli | verifica privata V7.2;Frosinone;MOD-094 | MOD-095 | MOD-097;Borgo San Tommaso | Montello / Gesti-Var;"URL estratto dal dataset; disponibilità live non garantita";;;
F72-0021;https://irp.cdn-website.com/b4ea64a2/files/uploaded/MODELLO%20231%20SOGEPI%20SRL%202021%20.pdf;irp.cdn-website.com;2020, 2023;moduli | verifica privata V7.2;Frosinone;MOD-092 | MOD-093;Gli Oleandri | Le Palme;"URL estratto dal dataset; disponibilità live non garantita";;;
F72-0022;https://kosgroup.com/assets/doc/strutture/villa-armonia/dgr-conferma-requisiti-accreditamento.pdf;kosgroup.com;;moduli;Roma 3;MOD-001 | MOD-002 | MOD-003 | MOD-004 | MOD-005;Villa Armonia Nuova;"URL estratto dal dataset; disponibilità live non garantita";;;
F72-0023;https://mentiattive.aslfrosinone.it/il-progetto/;mentiattive.aslfrosinone.it;;rete pubblica | verifica rete pubblica V7.2;ASL Frosinone;;DSM Frosinone — riferimento organizzativo;"URL estratto dal dataset; disponibilità live non garantita";;;
F72-0024;https://regione.lazio.it/urp/sintesi-concorsi-bur/sintesi-del-bollettino-ufficiale-n-106-del-27122022;regione.lazio.it;2022;rete pubblica | verifica rete pubblica V7.2;R6;;SPDC Ospedale dei Castelli | SPDC P.O. H1;"URL estratto dal dataset; disponibilità live non garantita";;;
F72-0025;https://reverie.it/;reverie.it;;moduli | verifica privata V7.2;Roma 1;MOD-106;Reverie – Comunità terapeutica romana;"URL estratto dal dataset; disponibilità live non garantita";;;
F72-0026;https://reverie.it/amministrazione-trasparente/;reverie.it;;moduli | verifica privata V7.2;Roma 1;MOD-106;Reverie – Comunità terapeutica romana;"URL estratto dal dataset; disponibilità live non garantita";;;
F72-0027;https://reverie.it/strutture/comunita-terapeutica-romana/;reverie.it;;moduli | verifica privata V7.2;Roma 1;MOD-106;Reverie – Comunità terapeutica romana;"URL estratto dal dataset; disponibilità live non garantita";;;
F72-0028;https://trasparenza.asl1abruzzo.it/page/103/details/247006/prestazioni-di-assistenza-psichiatrica-rete-privata-accreditata-sita-fuori-regione-liquidazione-fatture-gennaio-aprile-2026-presidio-sanitario-srtr-abaton-progetto-insieme-soc-progetto-insieme-srl-castelforte-lt.html;trasparenza.asl1abruzzo.it;2026;moduli;Latina;MOD-038;Abaton / Progetto Insieme Castelforte;"URL estratto dal dataset; disponibilità live non garantita";;;
F72-0029;https://trasparenza.asl1abruzzo.it/page/103/provvedimenti-organi-indirizzo-politico.html?p=20;trasparenza.asl1abruzzo.it;;moduli | verifica privata V7.2;Frosinone;MOD-094;Borgo San Tommaso;"URL estratto dal dataset; disponibilità live non garantita";;;
F72-0030;https://trasparenza.asl1abruzzo.it/page/9/details/188507/prestazioni-sanitarie-di-assistenza-psichiatrica-rete-privata-accreditata-insita-fuori-regione-liquidazione-fatture-maggio-giugno-2025-presidio-sanitario-srtr-le-palme-e-gli-oleandri-sogepi-srl-sant-elia-fiumerapido-fr.html;trasparenza.asl1abruzzo.it;2025;moduli | verifica privata V7.2;Frosinone;MOD-092 | MOD-093;Gli Oleandri | Le Palme;"URL estratto dal dataset; disponibilità live non garantita";;;
F72-0031;https://villamaraini.it/;villamaraini.it;;moduli;Roma 2;MOD-088 | MOD-089 | MOD-090;Fondazione Villa Maraini ETS;"URL estratto dal dataset; disponibilità live non garantita";;;
F72-0032;https://villamaraini.it/attivita/comunita-terapeudica-semiresidenziale/;villamaraini.it;;moduli;Roma 2;MOD-089;Fondazione Villa Maraini ETS;"URL estratto dal dataset; disponibilità live non garantita";;;
F72-0033;https://villamaraini.it/attivita/servizio-terapeutico-residenziale/;villamaraini.it;;moduli;Roma 2;MOD-088;Fondazione Villa Maraini ETS;"URL estratto dal dataset; disponibilità live non garantita";;;
F72-0034;https://villamariapia.com/ricoveri/;villamariapia.com;;moduli;Roma 1;MOD-019 | MOD-020 | MOD-021;Villa Maria Pia;"URL estratto dal dataset; disponibilità live non garantita";;;
F72-0035;https://viterbo.ospedaliere.it/psichiatria/;viterbo.ospedaliere.it;;moduli | verifica privata V7.2;Viterbo;MOD-034 | MOD-035 | MOD-036 | MOD-037;Villa Rosa;"URL estratto dal dataset; disponibilità live non garantita";;;
F72-0036;https://viterbo.ospedaliere.it/servizi-per-il-paziente/psichiatria/srsrh24-struttura-residenziale-socio-riabilitativa-24-ore/;viterbo.ospedaliere.it;;moduli | verifica privata V7.2;Viterbo;MOD-034 | MOD-035 | MOD-036 | MOD-037;Villa Rosa;"URL estratto dal dataset; disponibilità live non garantita";;;
F72-0037;https://viterbo.ospedaliere.it/servizi-per-il-paziente/stpit-struttura-per-trattamenti-psichiatrici-intensivi-territoriali/;viterbo.ospedaliere.it;;moduli;Viterbo;MOD-034 | MOD-035 | MOD-036 | MOD-037;Villa Rosa;"URL estratto dal dataset; disponibilità live non garantita";;;
F72-0038;https://viterbo.ospedaliere.it/wp-content/uploads/2024/05/I.03.01-1-carta-servizi-2024-rev.26.pdf;viterbo.ospedaliere.it;2024;moduli;Viterbo;MOD-034 | MOD-035 | MOD-036 | MOD-037;Villa Rosa;"URL estratto dal dataset; disponibilità live non garantita";;;
F72-0039;https://www.actalazio.it/;www.actalazio.it;;moduli | verifica privata V7.2;Viterbo;MOD-054;Santa Maria della Quercia;"URL estratto dal dataset; disponibilità live non garantita";;;
F72-0040;https://www.actalazio.it/c-massimo/;www.actalazio.it;;moduli;Roma 6;MOD-049;C. Massimo;"URL estratto dal dataset; disponibilità live non garantita";;;
F72-0041;https://www.actalazio.it/dianova/;www.actalazio.it;;moduli;Roma 5;MOD-048;Dianova Palombara Sabina;"URL estratto dal dataset; disponibilità live non garantita";;;
F72-0042;https://www.actalazio.it/exodus-cassino/;www.actalazio.it;;moduli;Frosinone;MOD-052 | MOD-053;Exodus Cassino;"URL estratto dal dataset; disponibilità live non garantita";;;
F72-0043;https://www.actalazio.it/in-dialogo/;www.actalazio.it;;moduli;Frosinone;MOD-050 | MOD-051;In Dialogo — Il Casale | In Dialogo — Nuova Era;"URL estratto dal dataset; disponibilità live non garantita";;;
F72-0044;https://www.alberoblu.org/carta-dei-servizi;www.alberoblu.org;;moduli | verifica privata V7.2;Roma 1;MOD-103;Opera Don Calabria – Centro Diurno L’Alberoblu;"URL estratto dal dataset; disponibilità live non garantita";;;
F72-0045;https://www.approdocomunita.org/;www.approdocomunita.org;;moduli | verifica privata V7.2;Roma 6;MOD-060;L’Approdo;"URL estratto dal dataset; disponibilità live non garantita";;;
F72-0046;https://www.approdocomunita.org/chi-siamo/;www.approdocomunita.org;;moduli | verifica privata V7.2;Roma 6;MOD-060;L’Approdo;"URL estratto dal dataset; disponibilità live non garantita";;;
F72-0047;https://www.approdocomunita.org/come-accedere/;www.approdocomunita.org;;moduli;Roma 6;MOD-060;L’Approdo;"URL estratto dal dataset; disponibilità live non garantita";;;
F72-0048;https://www.approdocomunita.org/contattaci/;www.approdocomunita.org;;moduli | verifica privata V7.2;Roma 6;MOD-060;L’Approdo;"URL estratto dal dataset; disponibilità live non garantita";;;
F72-0049;https://www.asl.fr.it/strutture/dipartimenti/dipartimento-di-salute-mentale-e-delle-patologie-da-dipendenza/;www.asl.fr.it;;rete pubblica | verifica rete pubblica V7.2;FR;;SPDC Cassino | SPDC Frosinone-Alatri | SPDC Sora;"URL estratto dal dataset; disponibilità live non garantita";;;
F72-0050;https://www.asl.fr.it/strutture/dipartimenti/dipartimento-di-salute-mentale-e-delle-patologie-da-dipendenza/uoc-patologie-da-dipendenza-frosinone-alatri-anagni-sora/;www.asl.fr.it;;rete pubblica | verifica rete pubblica V7.2;ASL Frosinone;;SerD Cassino | SerD Frosinone;"URL estratto dal dataset; disponibilità live non garantita";;;
F72-0051;https://www.asl.fr.it/strutture/dipartimenti/dipartimento-di-salute-mentale-e-delle-patologie-da-dipendenza/uoc-patologie-da-dipendenza-frosinone-alatri-anagni-sora/uos-serd-ceccano/;www.asl.fr.it;;rete pubblica | verifica rete pubblica V7.2;ASL Frosinone;;SerD Ceccano;"URL estratto dal dataset; disponibilità live non garantita";;;
F72-0052;https://www.asl.fr.it/strutture/dipartimenti/dipartimento-di-salute-mentale-e-delle-patologie-da-dipendenza/uoc-patologie-da-dipendenza-frosinone-alatri-anagni-sora/uos-serd-sora/;www.asl.fr.it;;rete pubblica | verifica rete pubblica V7.2;ASL Frosinone;;SerD Sora;"URL estratto dal dataset; disponibilità live non garantita";;;
F72-0053;https://www.asl.fr.it/strutture/dipartimenti/dipartimento-di-salute-mentale-e-delle-patologie-da-dipendenza/uoc-residenzialita-e-semiresidenzialita/;www.asl.fr.it;;rete pubblica | verifica rete pubblica V7.2;ASL Frosinone;;UOC Residenzialità e Semiresidenzialità;"URL estratto dal dataset; disponibilità live non garantita";;;
F72-0054;https://www.asl.fr.it/strutture/dipartimenti/dipartimento-di-salute-mentale-e-delle-patologie-da-dipendenza/uoc-residenzialita-e-semiresidenzialita/uos-centri-diurni/;www.asl.fr.it;;rete pubblica | verifica rete pubblica V7.2;ASL Frosinone;;Centro Diurno Il Sentiero | Centro Diurno Isola del Liri | Centro Diurno La Bussola | Centro Diurno Oltre il Muro | Centro Diurno Orizzonti Aperti;"URL estratto dal dataset; disponibilità live non garantita";;;
F72-0055;https://www.asl.fr.it/strutture/dipartimenti/dipartimento-di-salute-mentale-e-delle-patologie-da-dipendenza/uoc-salute-mentale-cassino/;www.asl.fr.it;;rete pubblica | verifica rete pubblica V7.2;ASL Frosinone;;CSM Cassino | CSM Pontecorvo;"URL estratto dal dataset; disponibilità live non garantita";;;
F72-0056;https://www.asl.fr.it/strutture/dipartimenti/dipartimento-di-salute-mentale-e-delle-patologie-da-dipendenza/uoc-salute-mentale-frosinone-alatri-anagni-sora/;www.asl.fr.it;;rete pubblica | verifica rete pubblica V7.2;ASL Frosinone;;Ambulatorio CSM Sora — Atina | CSM Alatri | CSM Anagni | CSM Ceccano | CSM Frosinone | Punto CSM / PEP Ferentino | Punto CSM / PEP Veroli | Punto di erogazione CSM Ceprano;"URL estratto dal dataset; disponibilità live non garantita";;;
F72-0057;https://www.asl.fr.it/strutture/dipartimenti/dipartimento-di-salute-mentale-e-delle-patologie-da-dipendenza/uoc-salute-mentale-frosinone-alatri-anagni-sora/uos-csm-sora/;www.asl.fr.it;;rete pubblica | verifica rete pubblica V7.2;ASL Frosinone;;CSM Sora;"URL estratto dal dataset; disponibilità live non garantita";;;
F72-0058;https://www.asl.fr.it/strutture/dipartimenti/dipartimento-di-salute-mentale-e-delle-patologie-da-dipendenza/uosd-disturbi-del-comportamento-alimentare/;www.asl.fr.it;;rete pubblica | verifica rete pubblica V7.2;FR;;UOSD Disturbi Nutrizione e Alimentazione;"URL estratto dal dataset; disponibilità live non garantita";;;
F72-0059;https://www.asl.fr.it/wp-content/uploads/BUR-2025-64-0-117-475.pdf;www.asl.fr.it;2025;moduli;Frosinone;MOD-092 | MOD-093 | MOD-094 | MOD-095 | MOD-096 | MOD-097 | MOD-098;Borgo San Tommaso | Gli Oleandri | Le Palme | Montello / Gesti-Var | San Nicola – Belmonte | Villa Lucrezia – Il Castello Incantato;"URL estratto dal dataset; disponibilità live non garantita";;;
F72-0060;https://www.asl.fr.it/wp-content/uploads/PDEL_1255_DEL_01.12.2022_ALL.1_PAP_FROSINONE-1.pdf;www.asl.fr.it;2022;moduli;Frosinone;MOD-092 | MOD-093 | MOD-094 | MOD-095 | MOD-096 | MOD-097 | MOD-098;Borgo San Tommaso | Gli Oleandri | Le Palme | Montello / Gesti-Var | San Nicola – Belmonte | Villa Lucrezia – Il Castello Incantato;"URL estratto dal dataset; disponibilità live non garantita";;;
F72-0061;https://www.asl.fr.it/wp-content/uploads/avviso-struttura-complessa-RESIDENZIALITA-E-SEMIRESIDENZIALITA.pdf;www.asl.fr.it;;rete pubblica | verifica rete pubblica V7.2;ASL Frosinone;;SRTRe Franco Basaglia | SRTRe Maxwell Jones | SRTRe Romolo Priori;"URL estratto dal dataset; disponibilità live non garantita";;;
F72-0062;https://www.asl.rieti.it/;www.asl.rieti.it;;rete pubblica | verifica rete pubblica V7.2;RI;;Ambulatorio Disturbi Nutrizione e Alimentazione Rieti;"URL estratto dal dataset; disponibilità live non garantita";;;
F72-0063;https://www.asl.rieti.it/guida-ai-servizi/disturbo-da-gioco-dazzardo;www.asl.rieti.it;;rete pubblica | verifica rete pubblica V7.2;ASL Rieti;;SerD Poggio Mirteto | SerD Rieti;"URL estratto dal dataset; disponibilità live non garantita";;;
F72-0064;https://www.asl.rieti.it/organizzazione-aziendale/dipartimenti-aree-e-staff/dipartimento-tutela-e-promozione-della-salute-mentale/uoc-patologia-da-dipendenza/alcologia-e-patologie-correlate/;www.asl.rieti.it;;rete pubblica | verifica rete pubblica V7.2;ASL Rieti;;Alcologia e patologie correlate Rieti;"URL estratto dal dataset; disponibilità live non garantita";;;
F72-0065;https://www.asl.rieti.it/organizzazione-aziendale/dipartimenti/dipartimento-di-salute-mentale-e-delle-dipendenze-patologiche/uoc-servizio-psichiatrico-di-diagnosi-e-cura-spdc;www.asl.rieti.it;;rete pubblica | verifica rete pubblica V7.2;RI;;SPDC San Camillo de Lellis;"URL estratto dal dataset; disponibilità live non garantita";;;
F72-0066;https://www.asl.rieti.it/organizzazione-aziendale/dipartimenti/dipartimento-promozione-e-tutela-della-salute-mentale;www.asl.rieti.it;;rete pubblica | verifica rete pubblica V7.2;ASL Rieti;;DSM Rieti — riferimento organizzativo;"URL estratto dal dataset; disponibilità live non garantita";;;
F72-0067;https://www.asl.rieti.it/organizzazione-aziendale/dipartimenti/dipartimento-promozione-e-tutela-della-salute-mentale/csm-distretto-2;www.asl.rieti.it;;rete pubblica | verifica rete pubblica V7.2;ASL Rieti;;Ambulatorio CSM Magliano Sabina | Ambulatorio CSM Osteria Nuova | Ambulatorio CSM Passo Corese | CSM Poggio Mirteto — Distretto 2;"URL estratto dal dataset; disponibilità live non garantita";;;
F72-0068;https://www.asl.rieti.it/organizzazione-aziendale/dipartimenti/dipartimento-promozione-e-tutela-della-salute-mentale/uos-attivita-terapeutico-riabilitative-per-i-disturbi-da-uso-di-sostanze-e-nuove-dipendenze;www.asl.rieti.it;;rete pubblica | verifica rete pubblica V7.2;ASL Rieti;;SerD Rieti | SerD interno Casa Circondariale Rieti Nuovo Complesso;"URL estratto dal dataset; disponibilità live non garantita";;;
F72-0069;https://www.asl.rieti.it/organizzazione-aziendale/dipartimenti/dipartimento-promozione-e-tutela-della-salute-mentale/uosd-csm/csm-distretto-1;www.asl.rieti.it;;rete pubblica | verifica rete pubblica V7.2;ASL Rieti;;Ambulatorio CSM Amatrice | Ambulatorio CSM Antrodoco | Ambulatorio CSM Leonessa | CSM Cicolano — Peschieta di Fiamignano | CSM Rieti — Distretto 1 | Centro Diurno Cicolano | Centro Diurno Rieti;"URL estratto dal dataset; disponibilità live non garantita";;;
F72-0070;https://www.asl.rieti.it/organizzazione-aziendale/dipartimenti/dipartimento-promozione-e-tutela-della-salute-mentale/uosd-strutture-riabilitative-salute-mentale-e-rems;www.asl.rieti.it;;rete pubblica | verifica rete pubblica V7.2;ASL Rieti;;Comunità Terapeutico-Riabilitativa La Villa;"URL estratto dal dataset; disponibilità live non garantita";;;
F72-0071;https://www.asl.rieti.it/trasparency-e-privacy/amministrazione-trasparente/strutture-sanitarie-private-accreditate;www.asl.rieti.it;;moduli;Rieti;MOD-085;Villa Belvedere;"URL estratto dal dataset; disponibilità live non garantita";;;
F72-0072;https://www.asl.rieti.it/wp-content/uploads/2025/06/CONTRATTO_VILLA_BELVEDERE_ANNI_202502026.pdf;www.asl.rieti.it;2025, 2026;moduli;Rieti;MOD-085;Villa Belvedere;"URL estratto dal dataset; disponibilità live non garantita";;;
F72-0073;https://www.asl.rieti.it/wp-content/uploads/fileadmin/user_upload/23.06_all_2.1_ELENCO_DEFINITIVO_IMMOBILI_ASL.pdf;www.asl.rieti.it;;rete pubblica | verifica rete pubblica V7.2;ASL Rieti;;Centro Diurno Psichiatrico Melograno – Poggio Mirteto;"URL estratto dal dataset; disponibilità live non garantita";;;
F72-0074;https://www.asl.vt.it/ambulatorio-disturbi-della-nutrizione-e-dell-alimentazione-dna;www.asl.vt.it;;rete pubblica | verifica rete pubblica V7.2;VT;;Ambulatorio DNA Viterbo;"URL estratto dal dataset; disponibilità live non garantita";;;
F72-0075;https://www.asl.vt.it/spdc-servizio-psichiatrico-diagnosi-e-cura;www.asl.vt.it;;rete pubblica | verifica rete pubblica V7.2;VT;;SPDC Ospedale Santa Rosa;"URL estratto dal dataset; disponibilità live non garantita";;;
F72-0076;https://www.aslbenevento.it/en/albo-pretorio?page=9;www.aslbenevento.it;;moduli | verifica privata V7.2;Viterbo;MOD-091;Agatos – Comunità Francesco Giugliarelli;"URL estratto dal dataset; disponibilità live non garantita";;;
F72-0077;https://www.aslroma1.it/azienda-dipartimentieri/dipartimento-integrato-di-salute-mentale;www.aslroma1.it;;rete pubblica | verifica rete pubblica V7.2;R1;;SPDC San Filippo Neri;"URL estratto dal dataset; disponibilità live non garantita";;;
F72-0078;https://www.aslroma1.it/presidi-ospedalieri/reparti/spdc-santo-spirito;www.aslroma1.it;;rete pubblica | verifica rete pubblica V7.2;R1;;SPDC Santo Spirito;"URL estratto dal dataset; disponibilità live non garantita";;;
F72-0079;https://www.aslroma1.it/presidi-territoriali/Distretto%201/lista_presidi;www.aslroma1.it;;rete pubblica | verifica rete pubblica V7.2;ASL Roma 1;;Centro Diurno Palestro | Centro Diurno Plinio P.I.P.S.M. Polo Ovest | Centro Diurno Via Sabotino | Gruppo Appartamento Baccina | Gruppo Appartamento Bramante | Gruppo Appartamento Milizie | Gruppo Appartamento P.I.P.S.M. Oslavia | SRSR Via Giacomo Della Porta | SRTRe P.I.P.S.M. Ripa Grande | SRTRe Piatti;"URL estratto dal dataset; disponibilità live non garantita";;;
F72-0080;https://www.aslroma1.it/presidi-territoriali/Distretto%2013/lista_presidi;www.aslroma1.it;2013;rete pubblica | verifica rete pubblica V7.2;ASL Roma 1;;Centro Diurno Valle Aurelia | Gruppo Appartamento Sodini | SRTRe Castel di Guido;"URL estratto dal dataset; disponibilità live non garantita";;;
F72-0081;https://www.aslroma1.it/presidi-territoriali/Distretto%2014/lista_presidi;www.aslroma1.it;2014;rete pubblica | verifica rete pubblica V7.2;ASL Roma 1;;Centro Diurno Borromeo | Centro Diurno Gasparri | SRSR H12 Gasparri | SRTRe Casal Piombino PIPSM;"URL estratto dal dataset; disponibilità live non garantita";;;
F72-0082;https://www.aslroma1.it/presidi-territoriali/Distretto%2015/lista_presidi;www.aslroma1.it;2015;rete pubblica | verifica rete pubblica V7.2;ASL Roma 1;;Centro Diurno Di Giorgio | Gruppo Appartamento Galline Bianche | Gruppo Appartamento Prima Porta | SRSR H12 Antonino Di Giorgio;"URL estratto dal dataset; disponibilità live non garantita";;;
F72-0083;https://www.aslroma1.it/presidi-territoriali/Distretto%202/lista_presidi;www.aslroma1.it;;rete pubblica | verifica rete pubblica V7.2;ASL Roma 1;;Centro Diurno Boemondo | Centro Diurno Forte Antenne | Centro Diurno Sabrata P.I.P.S.M. Polo Est | Gruppo Appartamento Turchia | SRSR Nomentana | SRTRe Sabrata;"URL estratto dal dataset; disponibilità live non garantita";;;
F72-0084;https://www.aslroma1.it/presidi-territoriali/Distretto%203/lista_presidi;www.aslroma1.it;;rete pubblica | verifica rete pubblica V7.2;ASL Roma 1;;Centro Diurno Monte Tomatico | Centro Diurno Pasquariello | Gruppo Appartamento Quarrata | SRSR Via Scarpanto | SRTRe Marcigliana;"URL estratto dal dataset; disponibilità live non garantita";;;
F72-0085;https://www.aslroma1.it/presidi-territoriali/ambulatorio-disturbi-comportamento-alimentare;www.aslroma1.it;;rete pubblica | verifica rete pubblica V7.2;R1;;Ambulatorio DCA Santa Maria della Pietà;"URL estratto dal dataset; disponibilità live non garantita";;;
F72-0086;https://www.aslroma1.it/presidi-territoriali/ambulatorio-plinio-p-i-p-s-m-polo-ovest;www.aslroma1.it;;rete pubblica | verifica rete pubblica V7.2;ASL Roma 1;;PIPSM Plinio Polo Ovest;"URL estratto dal dataset; disponibilità live non garantita";;;
F72-0087;https://www.aslroma1.it/presidi-territoriali/ambulatorio-sabrata-p-i-p-s-m-polo-est;www.aslroma1.it;;rete pubblica | verifica rete pubblica V7.2;ASL Roma 1;;PIPSM Sabrata Polo Est;"URL estratto dal dataset; disponibilità live non garantita";;;
F72-0088;https://www.aslroma1.it/presidi-territoriali/centro-di-salute-mentale-plinio;www.aslroma1.it;;rete pubblica | verifica rete pubblica V7.2;ASL Roma 1;;CSM Plinio;"URL estratto dal dataset; disponibilità live non garantita";;;
F72-0089;https://www.aslroma1.it/presidi-territoriali/centro-di-salute-mentale-sabrata;www.aslroma1.it;;rete pubblica | verifica rete pubblica V7.2;ASL Roma 1;;CSM Sabrata;"URL estratto dal dataset; disponibilità live non garantita";;;
F72-0090;https://www.aslroma1.it/presidi-territoriali/centro-salute-mentale-boccea;www.aslroma1.it;;rete pubblica | verifica rete pubblica V7.2;ASL Roma 1;;CSM Boccea;"URL estratto dal dataset; disponibilità live non garantita";;;
F72-0091;https://www.aslroma1.it/presidi-territoriali/centro-salute-mentale-di-giorgio;www.aslroma1.it;;rete pubblica | verifica rete pubblica V7.2;ASL Roma 1;;CSM Antonino Di Giorgio;"URL estratto dal dataset; disponibilità live non garantita";;;
F72-0092;https://www.aslroma1.it/presidi-territoriali/centro-salute-mentale-gasparri;www.aslroma1.it;;rete pubblica | verifica rete pubblica V7.2;ASL Roma 1;;CSM Gasparri;"URL estratto dal dataset; disponibilità live non garantita";;;
F72-0093;https://www.aslroma1.it/presidi-territoriali/centro-salute-mentale-innocenzo-iv;www.aslroma1.it;;rete pubblica | verifica rete pubblica V7.2;ASL Roma 1;;CSM Innocenzo IV;"URL estratto dal dataset; disponibilità live non garantita";;;
F72-0094;https://www.aslroma1.it/presidi-territoriali/centro-salute-mentale-ventura;www.aslroma1.it;;rete pubblica | verifica rete pubblica V7.2;ASL Roma 1;;CSM Ventura;"URL estratto dal dataset; disponibilità live non garantita";;;
F72-0095;https://www.aslroma1.it/presidi-territoriali/centro-salute-mentale-via-boemondo;www.aslroma1.it;;rete pubblica | verifica rete pubblica V7.2;ASL Roma 1;;Presidio Boemondo;"URL estratto dal dataset; disponibilità live non garantita";;;
F72-0096;https://www.aslroma1.it/presidi-territoriali/centro-salute-mentale-via-farulli;www.aslroma1.it;;rete pubblica | verifica rete pubblica V7.2;ASL Roma 1;;CSM Farulli;"URL estratto dal dataset; disponibilità live non garantita";;;
F72-0097;https://www.aslroma1.it/presidi-territoriali/centro-salute-mentale-via-monte-tomatico;www.aslroma1.it;;rete pubblica | verifica rete pubblica V7.2;ASL Roma 1;;CSM Monte Tomatico;"URL estratto dal dataset; disponibilità live non garantita";;;
F72-0098;https://www.aslroma1.it/presidi-territoriali/centro-salute-mentale-via-palestro;www.aslroma1.it;;rete pubblica | verifica rete pubblica V7.2;ASL Roma 1;;CSM Palestro;"URL estratto dal dataset; disponibilità live non garantita";;;
F72-0099;https://www.aslroma1.it/presidi-territoriali/polo-integrato-salute-mentale-cassia;www.aslroma1.it;;rete pubblica | verifica rete pubblica V7.2;ASL Roma 1;;Polo Integrato Salute Mentale Cassia;"URL estratto dal dataset; disponibilità live non garantita";;;
F72-0100;https://www.aslroma1.it/presidi-territoriali/serd-nomentana-2b;www.aslroma1.it;;rete pubblica | verifica rete pubblica V7.2;ASL Roma 1;;SerD Nomentana;"URL estratto dal dataset; disponibilità live non garantita";;;
F72-0101;https://www.aslroma1.it/presidi-territoriali/serd-s-maria-della-pieta;www.aslroma1.it;;rete pubblica | verifica rete pubblica V7.2;ASL Roma 1;;SerD Santa Maria della Pietà;"URL estratto dal dataset; disponibilità live non garantita";;;
F72-0102;https://www.aslroma1.it/presidi-territoriali/serd-via-dei-frentani;www.aslroma1.it;;rete pubblica | verifica rete pubblica V7.2;ASL Roma 1;;Nuove Dipendenze — sede temporanea Palestro;"URL estratto dal dataset; disponibilità live non garantita";;;
F72-0103;https://www.aslroma1.it/presidi-territoriali/serd-via-dei-riari;www.aslroma1.it;;rete pubblica | verifica rete pubblica V7.2;ASL Roma 1;;SerD Riari;"URL estratto dal dataset; disponibilità live non garantita";;;
F72-0104;https://www.aslroma1.it/presidi-territoriali/serd-via-montesacro;www.aslroma1.it;;rete pubblica | verifica rete pubblica V7.2;ASL Roma 1;;SerD Montesacro;"URL estratto dal dataset; disponibilità live non garantita";;;
F72-0105;https://www.aslroma1.it/presidi-territoriali/servizio-dipendenze-marcigliana-serd;www.aslroma1.it;;rete pubblica | verifica rete pubblica V7.2;ASL Roma 1;;SerD Marcigliana;"URL estratto dal dataset; disponibilità live non garantita";;;
F72-0106;https://www.aslroma1.it/salute-mentale;www.aslroma1.it;;rete pubblica | verifica rete pubblica V7.2;ASL Roma 1;;DSM Roma 1 — riferimento organizzativo;"URL estratto dal dataset; disponibilità live non garantita";;;
F72-0107;https://www.aslroma1.it/servizi-tsmree-tutela-salute-mentale-e-riabilitazione-dell-eta-evolutiva;www.aslroma1.it;;rete pubblica | verifica rete pubblica V7.2;R1;;TSMREE Cassia | TSMREE Catone | TSMREE Dina Galli | TSMREE La Scarpetta | TSMREE Santa Maria della Pietà | TSMREE Tripoli;"URL estratto dal dataset; disponibilità live non garantita";;;
F72-0108;https://www.aslroma1.it/sportello-ascolto;www.aslroma1.it;;rete pubblica | verifica rete pubblica V7.2;ASL Roma 1;;Coordinamento sportelli Scuola-Salute;"URL estratto dal dataset; disponibilità live non garantita";;;
F72-0109;https://www.aslroma2.it/attachements/j4/com_content.article/Guida-Servizi-DSM-FINALE-21-11-2025.pdf;www.aslroma2.it;2025;rete pubblica | verifica rete pubblica V7.2;ASL Roma 2;;Alcologia Appia Antica | CSM Bardanzellu | CSM Casilina | CSM Cinecittà | CSM Eucalipti | CSM Monza | CSM Orio Vergani | CSM Torre Spaccata | CSM Tosti | SerD Distretto 4 — ospitato altrove | SerD Distretto 5 | SerD Distretto 6 | SerD Distretto 7 | SerD Distretto 8 | SerD Distretto 9 | SerD Rebibbia;"URL estratto dal dataset; disponibilità live non garantita";;;
F72-0110;https://www.aslroma2.it/index.php/centri-diurni?id=31&view=page;www.aslroma2.it;;rete pubblica | verifica rete pubblica V7.2;ASL Roma 2;;Centro Diurno Canapiglie–Pispole | Centro Diurno Casilina – Gattamelata | Centro Diurno Cinecittà | Centro Diurno L’Aquilone | Centro Diurno Manfredonia – Lo Stormo | Centro Diurno San Paolo | Centro Diurno Vergani | Centro Diurno Villa Lais;"URL estratto dal dataset; disponibilità live non garantita";;;
F72-0111;https://www.aslroma2.it/index.php/organizzazione/dipartimenti/dip-di-salute-mentale;www.aslroma2.it;;rete pubblica | verifica rete pubblica V7.2;ASL Roma 2 | R2;;DSM Roma 2 — coordinamento | SPDC Ospedale San Giovanni | SPDC Ospedale Sandro Pertini | SPDC Ospedale Sant'Eugenio | TSMREE Casilina | TSMREE San Felice | TSMREE Torrenova;"URL estratto dal dataset; disponibilità live non garantita";;;
F72-0112;https://www.aslroma2.it/index.php/uosd-disturbi-del-comportamento-alimentare;www.aslroma2.it;;rete pubblica | verifica rete pubblica V7.2;R2;;UOSD Disturbi del Comportamento Alimentare - CTO;"URL estratto dal dataset; disponibilità live non garantita";;;
F72-0113;https://www.aslroma2.it/index.php/uosd-residenzialita-salute-mentale;www.aslroma2.it;;rete pubblica | verifica rete pubblica V7.2;ASL Roma 2;;SRSR H12 Le Terrazze/Lunghezza | SRTRe Salone – Mario Gozzano (D6) | SRTRe Sillani – Il Ponte e l’Albero | SRTRe Urbania;"URL estratto dal dataset; disponibilità live non garantita";;;
F72-0114;https://www.aslroma3.it/amministrazione-trasparente/strutture-sanitarie-private-accreditate/;www.aslroma3.it;;moduli | verifica privata V7.2;Roma 3;MOD-001 | MOD-002 | MOD-003 | MOD-004 | MOD-005 | MOD-009;Villa Armonia Nuova | Villa Giuseppina;"URL estratto dal dataset; disponibilità live non garantita";;;
F72-0115;https://www.aslroma3.it/asl-roma-3-dal-15-aprile-chiude-spdc-al-san-camillo-forlanini/;www.aslroma3.it;;rete pubblica | verifica rete pubblica V7.2;R3;;SPDC San Camillo Forlanini;"URL estratto dal dataset; disponibilità live non garantita";;;
F72-0116;https://www.aslroma3.it/dipartimenti/dipartimento-di-salute-mentale/;www.aslroma3.it;;rete pubblica | verifica rete pubblica V7.2;ASL Roma 3;;Direzione DSM Roma 3;"URL estratto dal dataset; disponibilità live non garantita";;;
F72-0117;https://www.aslroma3.it/dipartimenti/dipartimento-di-salute-mentale/uoc-salute-e-dipendenze-ser-d/;www.aslroma3.it;;rete pubblica | verifica rete pubblica V7.2;ASL Roma 3;;PDTA fragilità minori e giovani — Lupatelli | SerD Casaletto | SerD Tagaste;"URL estratto dal dataset; disponibilità live non garantita";;;
F72-0118;https://www.aslroma3.it/dipartimenti/dipartimento-di-salute-mentale/uoc-salute-mentale-distretto-sanitario-comune-di-fiumicino/;www.aslroma3.it;;rete pubblica | verifica rete pubblica V7.2;ASL Roma 3;;CSM Fiumicino | Centro Diurno Terapeutico Riabilitativo Fiumicino;"URL estratto dal dataset; disponibilità live non garantita";;;
F72-0119;https://www.aslroma3.it/dipartimenti/dipartimento-di-salute-mentale/uoc-salute-mentale-distretto-sanitario-municipio-x/;www.aslroma3.it;;rete pubblica | verifica rete pubblica V7.2;ASL Roma 3 | R3;;CSM Acilia — ambulatorio decentrato | CSM Ostia | Centro Diurno Acilia | Centro Diurno Tagaste;"URL estratto dal dataset; disponibilità live non garantita";;;
F72-0120;https://www.aslroma3.it/dipartimenti/dipartimento-di-salute-mentale/uoc-salute-mentale-distretto-sanitario-municipio-xi/;www.aslroma3.it;;rete pubblica | verifica rete pubblica V7.2;ASL Roma 3 | R3;;CSM Municipio XI — Portuense | Centro Diurno Brisse | Centro Diurno Mazzacurati;"URL estratto dal dataset; disponibilità live non garantita";;;
F72-0121;https://www.aslroma3.it/dipartimenti/dipartimento-di-salute-mentale/uoc-salute-mentale-distretto-sanitario-municipio-xii/;www.aslroma3.it;;rete pubblica | verifica rete pubblica V7.2;ASL Roma 3 | R3;;CSM Municipio XII — Giovagnoli | Centro Diurno Cantiere 24 | Centro Diurno Monteverde;"URL estratto dal dataset; disponibilità live non garantita";;;
F72-0122;https://www.aslroma3.it/dipartimenti/dipartimento-di-salute-mentale/uoc-salute-mentale-municipio-x-e-comune-di-fiumicino/;www.aslroma3.it;;verifica rete pubblica V7.2;R3;;Centro Diurno Acilia | Centro Diurno Cantiere 24 | Centro Diurno Tagaste;"URL estratto dal dataset; disponibilità live non garantita";;;
F72-0123;https://www.aslroma3.it/dipartimenti/dipartimento-di-salute-mentale/uoc-salute-mentale-xi-e-xii-municipio/;www.aslroma3.it;;verifica rete pubblica V7.2;R3;;Centro Diurno Mazzacurati | Centro Diurno Monteverde;"URL estratto dal dataset; disponibilità live non garantita";;;
F72-0124;https://www.aslroma3.it/dipartimenti/dipartimento-di-salute-mentale/uoc-servizio-psichiatrico-di-diagnosi-e-cura-s-p-d-c-ospedale-grassi/;www.aslroma3.it;;rete pubblica | verifica rete pubblica V7.2;R3;;SPDC G.B. Grassi;"URL estratto dal dataset; disponibilità live non garantita";;;
F72-0125;https://www.aslroma3.it/dipartimenti/dipartimento-di-salute-mentale/uosd-residenzialita-in-salute-mentale/;www.aslroma3.it;;rete pubblica | verifica rete pubblica V7.2;ASL Roma 3;;SRSR H24 Mazzacurati | SRTRe Catacombe di Generosa;"URL estratto dal dataset; disponibilità live non garantita";;;
F72-0126;https://www.aslroma3.it/ser-d-servizio-trattamento-delle-dipendenze/;www.aslroma3.it;;rete pubblica | verifica rete pubblica V7.2;ASL Roma 3;;Sportello Ascolto Giovani Dipendenze — Colautti | Sportello Ascolto Giovani Dipendenze — Fiumicino | Sportello Ascolto Giovani Dipendenze — Ostia;"URL estratto dal dataset; disponibilità live non garantita";;;
F72-0127;https://www.aslroma3.it/servizi-dalla-a-alla-z/t/tsmree-tutela-salute-mentale-e-riabilitazione-in-eta-evolutiva/;www.aslroma3.it;;rete pubblica | verifica rete pubblica V7.2;R3;;NPIA / TSMREE Fiumicino;"URL estratto dal dataset; disponibilità live non garantita";;;
F72-0128;https://www.aslroma3.it/wp-content/uploads/2025/05/contratto_budget_15592_villa-giuseppina.pdf;www.aslroma3.it;2025;moduli;Roma 3;MOD-006 | MOD-007 | MOD-008 | MOD-009;Villa Giuseppina;"URL estratto dal dataset; disponibilità live non garantita";;;
F72-0129;https://www.aslroma3.it/wp-content/uploads/2025/05/contratto_budget_15593_villa-armonia-nuova.pdf;www.aslroma3.it;2025;moduli;Roma 3;MOD-001 | MOD-002 | MOD-003 | MOD-004 | MOD-005;Villa Armonia Nuova;"URL estratto dal dataset; disponibilità live non garantita";;;
F72-0130;https://www.aslroma3.it/wp-content/uploads/2025/05/contratto_budget_15594-_villa-letizia-srl-_-villa-letizia.pdf;www.aslroma3.it;2025;moduli;Roma 3;MOD-010 | MOD-011;Villa Letizia;"URL estratto dal dataset; disponibilità live non garantita";;;
F72-0131;https://www.aslroma3.it/wp-content/uploads/2025/05/contratto_budget_15595_villa-letizia-srl-_-villa-madre-chiara-ricci.pdf;www.aslroma3.it;2025;moduli;Roma 3;MOD-012;Villa Madre Chiara Ricci;"URL estratto dal dataset; disponibilità live non garantita";;;
F72-0132;https://www.aslroma3.it/wp-content/uploads/2026/07/contratto_budget_04_05_31_12_26-1.pdf;www.aslroma3.it;2026;moduli;Roma 3;MOD-013;Casa Siloè;"URL estratto dal dataset; disponibilità live non garantita";;;
F72-0133;https://www.aslroma4.it/azienda/dipartimenti/dipartimento-di-salute-mentale;www.aslroma4.it;;rete pubblica | verifica rete pubblica V7.2;ASL Roma 4 | R4;;Centro Diurno Riabilitativo Distretto 1 | Centro Diurno Riabilitativo Distretto 2 | Centro Diurno Riabilitativo Distretto 3 | Centro Diurno Riabilitativo Distretto 4 | Direzione DSM Roma 4 | Polo DNA Santa Marinella | SPDC Ospedale San Paolo | SRTRe Il Melograno;"URL estratto dal dataset; disponibilità live non garantita";;;
F72-0134;https://www.aslroma4.it/strutture-sanitarie/ser-d-servizio-per-le-dipendenze;www.aslroma4.it;;rete pubblica | verifica rete pubblica V7.2;ASL Roma 4;;SerD Bracciano | SerD Capena | SerD Civitavecchia;"URL estratto dal dataset; disponibilità live non garantita";;;
F72-0135;https://www.aslroma4.it/strutture-sanitarie/strutture-di-salute-mentale;www.aslroma4.it;;rete pubblica | verifica rete pubblica V7.2;ASL Roma 4 | R4;;CSM Distretto 1 — Civitavecchia | CSM Distretto 2 — Ladispoli | CSM Distretto 3 — Bracciano | CSM Distretto 4 — Morlupo | Centro Diurno Riabilitativo Distretto 1 | Centro Diurno Riabilitativo Distretto 2 | Centro Diurno Riabilitativo Distretto 3 | Centro Diurno Riabilitativo Distretto 4 | SRTRe Il Melograno;"URL estratto dal dataset; disponibilità live non garantita";;;
F72-0136;https://www.aslroma5.it/amministrazione-trasparente/organigramma-dipartimento-di-prevenzione-e-dsmdp-2025/;www.aslroma5.it;2025;rete pubblica | verifica rete pubblica V7.2;ASL Roma 5;;Centro Diurno Colleferro | Centro Diurno Guidonia | Centro Diurno Monterotondo | Centro Diurno Palestrina | Centro Diurno Subiaco | Centro Diurno Tivoli;"URL estratto dal dataset; disponibilità live non garantita";;;
F72-0137;https://www.aslroma5.it/disturbi-alimentari/;www.aslroma5.it;;rete pubblica | verifica rete pubblica V7.2;R5;;UOSD DNA Palombara Sabina | UOSD DNA Tivoli;"URL estratto dal dataset; disponibilità live non garantita";;;
F72-0138;https://www.aslroma5.it/dsmdp-dipartimento-di-salute-mentale-e-delle-dipendenze-patologiche/;www.aslroma5.it;;rete pubblica | verifica rete pubblica V7.2;ASL Roma 5;;Direzione DSM-DP Roma 5;"URL estratto dal dataset; disponibilità live non garantita";;;
F72-0139;https://www.aslroma5.it/dsmdp-dipartimento-di-salute-mentale-e-delle-dipendenze-patologiche/cosa-sono-gli-spdc/;www.aslroma5.it;;rete pubblica | verifica rete pubblica V7.2;R5;;SPDC Colleferro | SPDC Monterotondo | SPDC Tivoli;"URL estratto dal dataset; disponibilità live non garantita";;;
F72-0140;https://www.aslroma5.it/dsmdp-dipartimento-di-salute-mentale-e-delle-dipendenze-patologiche/cosa-sono-i-serd/servizio-per-le-dipendenze-patologiche-colleferro/;www.aslroma5.it;;rete pubblica | verifica rete pubblica V7.2;ASL Roma 5;;SerD Colleferro;"URL estratto dal dataset; disponibilità live non garantita";;;
F72-0141;https://www.aslroma5.it/dsmdp-dipartimento-di-salute-mentale-e-delle-dipendenze-patologiche/cosa-sono-i-serd/servizio-per-le-dipendenze-patologiche-monterotondo/;www.aslroma5.it;;rete pubblica | verifica rete pubblica V7.2;ASL Roma 5;;SerD Monterotondo;"URL estratto dal dataset; disponibilità live non garantita";;;
F72-0142;https://www.aslroma5.it/dsmdp-dipartimento-di-salute-mentale-e-delle-dipendenze-patologiche/cosa-sono-i-serd/servizio-per-le-dipendenze-patologiche-palestrina/;www.aslroma5.it;;rete pubblica | verifica rete pubblica V7.2;ASL Roma 5;;SerD Palestrina;"URL estratto dal dataset; disponibilità live non garantita";;;
F72-0143;https://www.aslroma5.it/dsmdp-dipartimento-di-salute-mentale-e-delle-dipendenze-patologiche/cosa-sono-i-serd/servizio-per-le-dipendenze-patologiche-subiaco/;www.aslroma5.it;;rete pubblica | verifica rete pubblica V7.2;ASL Roma 5;;SerD Subiaco;"URL estratto dal dataset; disponibilità live non garantita";;;
F72-0144;https://www.aslroma5.it/dsmdp-dipartimento-di-salute-mentale-e-delle-dipendenze-patologiche/cosa-sono-i-serd/servizio-per-le-dipendenze-patologiche-tivoli-guidonia/;www.aslroma5.it;;rete pubblica | verifica rete pubblica V7.2;ASL Roma 5;;SerD Tivoli/Guidonia;"URL estratto dal dataset; disponibilità live non garantita";;;
F72-0145;https://www.aslroma5.it/dsmdp-dipartimento-di-salute-mentale-e-delle-dipendenze-patologiche/cosa-sono-le-npia/npia-di-guidonia/;www.aslroma5.it;;rete pubblica | verifica rete pubblica V7.2;R5;;NPIA Guidonia;"URL estratto dal dataset; disponibilità live non garantita";;;
F72-0146;https://www.aslroma5.it/dsmdp-dipartimento-di-salute-mentale-e-delle-dipendenze-patologiche/cosa-sono-le-npia/npia-di-subiaco-e-olevano-romano/;www.aslroma5.it;;rete pubblica | verifica rete pubblica V7.2;R5;;NPIA Olevano Romano | NPIA Subiaco;"URL estratto dal dataset; disponibilità live non garantita";;;
F72-0147;https://www.aslroma5.it/dsmdp-dipartimento-di-salute-mentale-e-delle-dipendenze-patologiche/uoc-csm-di-colleferro-e-palestrina/uos-csm-di-colleferro/;www.aslroma5.it;;rete pubblica | verifica rete pubblica V7.2;ASL Roma 5;;CSM Colleferro;"URL estratto dal dataset; disponibilità live non garantita";;;
F72-0148;https://www.aslroma5.it/dsmdp-dipartimento-di-salute-mentale-e-delle-dipendenze-patologiche/uoc-csm-di-colleferro-e-palestrina/uos-csm-di-palestrina/;www.aslroma5.it;;rete pubblica | verifica rete pubblica V7.2;ASL Roma 5;;CSM Palestrina;"URL estratto dal dataset; disponibilità live non garantita";;;
F72-0149;https://www.aslroma5.it/dsmdp-dipartimento-di-salute-mentale-e-delle-dipendenze-patologiche/uoc-csm-subiaco-e-tivoli/uos-csm-di-subiaco/;www.aslroma5.it;;rete pubblica | verifica rete pubblica V7.2;ASL Roma 5;;CSM Subiaco;"URL estratto dal dataset; disponibilità live non garantita";;;
F72-0150;https://www.aslroma5.it/dsmdp-dipartimento-di-salute-mentale-e-delle-dipendenze-patologiche/uoc-csm-subiaco-e-tivoli/uos-csm-di-tivoli/;www.aslroma5.it;;rete pubblica | verifica rete pubblica V7.2;ASL Roma 5;;CSM Tivoli;"URL estratto dal dataset; disponibilità live non garantita";;;
F72-0151;https://www.aslroma5.it/dsmdp-dipartimento-di-salute-mentale-e-delle-dipendenze-patologiche/uos-csm-di-guidonia/;www.aslroma5.it;;rete pubblica | verifica rete pubblica V7.2;ASL Roma 5;;CSM Guidonia;"URL estratto dal dataset; disponibilità live non garantita";;;
F72-0152;https://www.aslroma5.it/dsmdp-dipartimento-di-salute-mentale-e-delle-dipendenze-patologiche/uos-csm-di-monterotondo/;www.aslroma5.it;;rete pubblica | verifica rete pubblica V7.2;ASL Roma 5;;CSM Monterotondo;"URL estratto dal dataset; disponibilità live non garantita";;;
F72-0153;https://www.aslroma5.it/gioco-dazzardo-e-altre-dipendenze-comportamentali/;www.aslroma5.it;;rete pubblica | verifica rete pubblica V7.2;ASL Roma 5;;SerD Colleferro | SerD Monterotondo | SerD Palestrina | SerD Subiaco | SerD Tivoli/Guidonia;"URL estratto dal dataset; disponibilità live non garantita";;;
F72-0154;https://www.aslroma5.it/wp-content/uploads/2026/07/Delibera-n.-110-del-30.01.2025-BUDGET-PSICHIATRICHE.pdf;www.aslroma5.it;2025, 2026;moduli;Roma 5;MOD-022 | MOD-023 | MOD-024 | MOD-025 | MOD-026 | MOD-027 | MOD-028 | MOD-061 | MOD-062 | MOD-063 | MOD-064 | MOD-065 | MOD-066 | MOD-067 | MOD-068 | MOD-069 | MOD-070 | MOD-071 | MOD-072 | MOD-073 | MOD-074 | MOD-075 | MOD-076 | MOD-077 | MOD-078 | MOD-079 | MOD-080 | MOD-081 | MOD-082;Al Colle | Canterano | Castel Madama | Colle Cesarano | Comunità Francesco | Il Colle | Insieme ONLUS | La Staffa | Operiamo Insieme | Rosaurora | Villa Adriana | Villa Elisa | Villa Letizia — EGO | Villa Maddalena | Villaggio Adriano | Villanova;"URL estratto dal dataset; disponibilità live non garantita";;;
F72-0155;https://www.aslroma5.it/wp-content/uploads/2026/07/Delibera-n.-404-del-10.03.2025-BUDGET-PSICHIATRICHE-INTEGRAZIONE.pdf;www.aslroma5.it;2025, 2026;moduli;Roma 5;MOD-022 | MOD-023 | MOD-024 | MOD-025 | MOD-026 | MOD-027 | MOD-028 | MOD-061 | MOD-062 | MOD-063 | MOD-064 | MOD-065 | MOD-066 | MOD-067 | MOD-068 | MOD-069 | MOD-070;Al Colle | Colle Cesarano | Comunità Francesco | Il Colle | Insieme ONLUS | La Staffa | Operiamo Insieme | Rosaurora | Villa Elisa | Villa Letizia — EGO | Villa Maddalena;"URL estratto dal dataset; disponibilità live non garantita";;;
F72-0156;https://www.aslroma6.it/;www.aslroma6.it;;rete pubblica | verifica rete pubblica V7.2;ASL Roma 6;;Direzione DSM, NPIA e Dipendenze Roma 6;"URL estratto dal dataset; disponibilità live non garantita";;;
F72-0157;https://www.associazionelatenda.org/;www.associazionelatenda.org;;moduli;Roma 2;MOD-086;Associazione La Tenda ETS;"URL estratto dal dataset; disponibilità live non garantita";;;
F72-0158;https://www.ausl.latina.it/dipartimenti/31-azienda/449-dsm;www.ausl.latina.it;;rete pubblica | verifica rete pubblica V7.2;ASL Latina | LT;;CSM Aprilia | CSM Cisterna di Latina | CSM Fondi | CSM Formia | CSM Latina | CSM Monti Lepini — Priverno | CSM Monti Lepini — Sezze | CSM Sabaudia | CSM Terracina | Centro Diurno Formia / Maricae | Centro Diurno Latina | Centro Diurno Terracina | Comunità Terapeutica Riabilitativa Maricae 1-3 | Comunità Terapeutica Santa Fecitola | Direzione DSM Latina | NPIA Aprilia | NPIA Fondi | NPIA Gaeta | NPIA Latina | SPDC Formia - Ospedale Dono Svizzero | SPDC Latina - Ospedale S.M. Goretti | SerD Aprilia | SerD Formia | SerD Latina | SerD Priverno | SerD Terracina;"URL estratto dal dataset; disponibilità live non garantita";;;
F72-0159;https://www.ceisroma.it/info-trasparenza/;www.ceisroma.it;;moduli;Roma 2 | Roma 6;MOD-057 | MOD-058 | MOD-059;Comunità Ambrosini / PaoloVI | Comunità Santa Maria / Capannelle | San Carlo e Villa Santa Francesca Romana;"URL estratto dal dataset; disponibilità live non garantita";;;
F72-0160;https://www.ceisroma.it/la-gratuita-di-tutti-i-servizi-e-il-nostro-personale/;www.ceisroma.it;;moduli;Roma 2 | Roma 6;MOD-057 | MOD-058 | MOD-059;Comunità Ambrosini / PaoloVI | Comunità Santa Maria / Capannelle | San Carlo e Villa Santa Francesca Romana;"URL estratto dal dataset; disponibilità live non garantita";;;
F72-0161;https://www.ceisroma.it/project/comunita-ambrosini-servizio-semiresidenziale-terapeutico-riabilitativo-per-persone-dipendenti/;www.ceisroma.it;;moduli;Roma 2;MOD-057;Comunità Ambrosini / PaoloVI;"URL estratto dal dataset; disponibilità live non garantita";;;
F72-0162;https://www.ceisroma.it/project/comunita-san-carlo-e-villa-santa-francesca-romana-servizio-residenziale-pedagogico-riabilitativo-per-persone-dipendenti/;www.ceisroma.it;;moduli;Roma 6;MOD-059;San Carlo e Villa Santa Francesca Romana;"URL estratto dal dataset; disponibilità live non garantita";;;
F72-0163;https://www.ceisroma.it/project/comunita-santa-maria-servizio-residenziale-terapeutico-riabilitativo-per-persone-dipendenti/;www.ceisroma.it;;moduli;Roma 2;MOD-058;Comunità Santa Maria / Capannelle;"URL estratto dal dataset; disponibilità live non garantita";;;
F72-0164;https://www.ceisroma.it/wp-content/uploads/2021/05/carta-servizi-2021.pdf;www.ceisroma.it;2021;moduli;Roma 2 | Roma 6;MOD-057 | MOD-058 | MOD-059;Comunità Ambrosini / PaoloVI | Comunità Santa Maria / Capannelle | San Carlo e Villa Santa Francesca Romana;"URL estratto dal dataset; disponibilità live non garantita";;;
F72-0165;https://www.ceisroma.it/wp-content/uploads/2023/05/Bilancio-sociale-2021-al-14_05_21.pdf;www.ceisroma.it;2021, 2023;moduli | verifica privata V7.2;Roma 6;MOD-059;San Carlo e Villa Santa Francesca Romana;"URL estratto dal dataset; disponibilità live non garantita";;;
F72-0166;https://www.ceisroma.it/wp-content/uploads/2026/03/CARTA-SERVIZI-CT-AMBROSINI.pdf;www.ceisroma.it;2026;moduli;Roma 2;MOD-057;Comunità Ambrosini / PaoloVI;"URL estratto dal dataset; disponibilità live non garantita";;;
F72-0167;https://www.ceisroma.it/wp-content/uploads/2026/03/CARTA-SERVIZI-CT-SAN-CARLO.pdf;www.ceisroma.it;2026;moduli;Roma 6;MOD-059;San Carlo e Villa Santa Francesca Romana;"URL estratto dal dataset; disponibilità live non garantita";;;
F72-0168;https://www.ceisroma.it/wp-content/uploads/2026/06/PARS-CEIS-AMBROSINI-2026.pdf;www.ceisroma.it;2026;moduli;Roma 2;MOD-057;Comunità Ambrosini / PaoloVI;"URL estratto dal dataset; disponibilità live non garantita";;;
F72-0169;https://www.ceisroma.it/wp-content/uploads/2026/06/PARS-CEIS-CAPANNELLE-2026.pdf;www.ceisroma.it;2026;moduli;Roma 2;MOD-058;Comunità Santa Maria / Capannelle;"URL estratto dal dataset; disponibilità live non garantita";;;
F72-0170;https://www.ceisroma.it/wp-content/uploads/2026/06/PARS-CEIS-SAN-CARLO-2026.pdf;www.ceisroma.it;2026;moduli;Roma 6;MOD-059;San Carlo e Villa Santa Francesca Romana;"URL estratto dal dataset; disponibilità live non garantita";;;
F72-0171;https://www.collecesarano.com/;www.collecesarano.com;;moduli;Roma 5;MOD-022 | MOD-023 | MOD-024 | MOD-025 | MOD-026 | MOD-027 | MOD-028;Colle Cesarano;"URL estratto dal dataset; disponibilità live non garantita";;;
F72-0172;https://www.collecesarano.com/contatti/;www.collecesarano.com;;moduli;Roma 5;MOD-022 | MOD-023 | MOD-024 | MOD-025 | MOD-026 | MOD-027 | MOD-028;Colle Cesarano;"URL estratto dal dataset; disponibilità live non garantita";;;
F72-0173;https://www.collecesarano.com/srtr-intensiva/;www.collecesarano.com;;moduli;Roma 5;MOD-022 | MOD-023 | MOD-024 | MOD-025 | MOD-026 | MOD-027 | MOD-028;Colle Cesarano;"URL estratto dal dataset; disponibilità live non garantita";;;
F72-0174;https://www.collecesarano.com/stpit/;www.collecesarano.com;;moduli;Roma 5;MOD-022 | MOD-023 | MOD-024 | MOD-025 | MOD-026 | MOD-027 | MOD-028;Colle Cesarano;"URL estratto dal dataset; disponibilità live non garantita";;;
F72-0175;https://www.comunitainsieme.com/download/amministrazione_trasparente/carta_dei_servizi_26.pdf;www.comunitainsieme.com;;moduli | verifica privata V7.2;Frosinone | Latina;MOD-039 | MOD-040 | MOD-041 | MOD-042 | MOD-043 | MOD-044 | MOD-045 | MOD-046 | MOD-047;Alberto Pezzi | Insieme Arcobaleno | Insieme Ausonia | Insieme Mongolfiera | Insieme Spigno | Insieme1 Luna | Insieme1 Sole | Insieme2 | Redzep Sestovic;"URL estratto dal dataset; disponibilità live non garantita";;;
F72-0176;https://www.comunitainsieme.com/download/amministrazione_trasparente/prestazioni-in-ambito-di-accreditamento.pdf;www.comunitainsieme.com;;moduli | verifica privata V7.2;Frosinone | Latina;MOD-038 | MOD-039 | MOD-040 | MOD-041 | MOD-042 | MOD-043 | MOD-044 | MOD-045 | MOD-046 | MOD-047;Abaton / Progetto Insieme Castelforte | Alberto Pezzi | Insieme Arcobaleno | Insieme Ausonia | Insieme Mongolfiera | Insieme Spigno | Insieme1 Luna | Insieme1 Sole | Insieme2 | Redzep Sestovic;"URL estratto dal dataset; disponibilità live non garantita";;;
F72-0177;https://www.comunitainsieme.com/download/amministrazione_trasparente_progetto_insieme_srl/carta_dei_servizi.pdf;www.comunitainsieme.com;;moduli;Latina;MOD-038;Abaton / Progetto Insieme Castelforte;"URL estratto dal dataset; disponibilità live non garantita";;;
F72-0178;https://www.comunitainsieme.com/strutture/;www.comunitainsieme.com;;moduli;Latina;MOD-038;Abaton / Progetto Insieme Castelforte;"URL estratto dal dataset; disponibilità live non garantita";;;
F72-0179;https://www.coopagatos.it/wp-content/uploads/2024/03/2023-PARS-.pdf;www.coopagatos.it;2023, 2024;moduli;Viterbo;MOD-091;Agatos – Comunità Francesco Giugliarelli;"URL estratto dal dataset; disponibilità live non garantita";;;
F72-0180;https://www.cooperativailcastelloincantato.it/contatti/;www.cooperativailcastelloincantato.it;;moduli | verifica privata V7.2;Frosinone;MOD-098 | MOD-101 | MOD-102;Villa Daniela | Villa Lucrezia – Il Castello Incantato | Villa Simona;"URL estratto dal dataset; disponibilità live non garantita";;;
F72-0181;https://www.cooperativailcastelloincantato.it/la-cooperativa/amministrazione-trasparente/;www.cooperativailcastelloincantato.it;;moduli | verifica privata V7.2;Frosinone;MOD-098 | MOD-101 | MOD-102;Villa Daniela | Villa Lucrezia – Il Castello Incantato | Villa Simona;"URL estratto dal dataset; disponibilità live non garantita";;;
F72-0182;https://www.cooperativailcastelloincantato.it/portfolio_category/strutture/;www.cooperativailcastelloincantato.it;;moduli | verifica privata V7.2;Frosinone;MOD-098 | MOD-101 | MOD-102;Villa Daniela | Villa Lucrezia – Il Castello Incantato | Villa Simona;"URL estratto dal dataset; disponibilità live non garantita";;;
F72-0183;https://www.cooperativasocialeaquiloneazzurro.it/;www.cooperativasocialeaquiloneazzurro.it;;moduli | verifica privata V7.2;Roma 1 | Roma 4;MOD-104 | MOD-105;Aquilone Azzurro – La Gatta | Aquilone Azzurro – Via Germanico;"URL estratto dal dataset; disponibilità live non garantita";;;
F72-0184;https://www.cooperativasocialeaquiloneazzurro.it/DOCPDF/PARS%20Aquilone%20Azzurro.pdf;www.cooperativasocialeaquiloneazzurro.it;;moduli | verifica privata V7.2;Roma 1 | Roma 4;MOD-104 | MOD-105;Aquilone Azzurro – La Gatta | Aquilone Azzurro – Via Germanico;"URL estratto dal dataset; disponibilità live non garantita";;;
F72-0185;https://www.cooperativasocialeaquiloneazzurro.it/strutture/;www.cooperativasocialeaquiloneazzurro.it;;moduli;Roma 1 | Roma 4;MOD-104 | MOD-105;Aquilone Azzurro – La Gatta | Aquilone Azzurro – Via Germanico;"URL estratto dal dataset; disponibilità live non garantita";;;
F72-0186;https://www.dianova.it/palombara/;www.dianova.it;;moduli;Roma 5;MOD-048;Dianova Palombara Sabina;"URL estratto dal dataset; disponibilità live non garantita";;;
F72-0187;https://www.exodus.it/sedi-exodus/cassino.html;www.exodus.it;;moduli | verifica privata V7.2;Frosinone;MOD-052 | MOD-053;Exodus Cassino;"URL estratto dal dataset; disponibilità live non garantita";;;
F72-0188;https://www.exodus.it/sedi-exodus/documenti/cassino_cs_2025.pdf;www.exodus.it;2025;moduli | verifica privata V7.2;Frosinone;MOD-052 | MOD-053;Exodus Cassino;"URL estratto dal dataset; disponibilità live non garantita";;;
F72-0189;https://www.ghcspa.com/samadi/accoglienza/informazioni-generali;www.ghcspa.com;;moduli | verifica privata V7.2;Roma 1;MOD-030 | MOD-031 | MOD-032 | MOD-033;Samadi;"URL estratto dal dataset; disponibilità live non garantita";;;
F72-0190;https://www.ghcspa.com/samadi/accoglienza/modalita-di-accettazione-e-ricovero;www.ghcspa.com;;moduli | verifica privata V7.2;Roma 1;MOD-030 | MOD-031 | MOD-032 | MOD-033;Samadi;"URL estratto dal dataset; disponibilità live non garantita";;;
F72-0191;https://www.ghcspa.com/samadi/chi-siamo/la-struttura-residenziale;www.ghcspa.com;;moduli | verifica privata V7.2;Roma 1;MOD-030 | MOD-031 | MOD-032 | MOD-033;Samadi;"URL estratto dal dataset; disponibilità live non garantita";;;
F72-0192;https://www.ghcspa.com/sites/default/files/2026-02/PARS-SAMADI-2026.pdf;www.ghcspa.com;2026;moduli | verifica privata V7.2;Roma 1;MOD-030 | MOD-031 | MOD-032 | MOD-033;Samadi;"URL estratto dal dataset; disponibilità live non garantita";;;
F72-0193;https://www.ghcspa.com/sites/default/files/2026-06/Carta-dei-servizi-VVS-rev-09-12-2025.pdf;www.ghcspa.com;2025, 2026;moduli;Roma 6;MOD-014 | MOD-015 | MOD-016 | MOD-017 | MOD-018;Villa Von Siebenthal;"URL estratto dal dataset; disponibilità live non garantita";;;
F72-0194;https://www.ghcspa.com/villavonsiebenthal/attivita/struttura-per-trattamenti-psichiatrici-intensivi-territoriali;www.ghcspa.com;;moduli;Roma 6;MOD-014 | MOD-015 | MOD-016 | MOD-017 | MOD-018;Villa Von Siebenthal;"URL estratto dal dataset; disponibilità live non garantita";;;
F72-0195;https://www.iocentro.it/index.php/2019/03/15/comunita-terapeutica/;www.iocentro.it;2019;moduli;Roma 2;MOD-087;IO Centro ETS;"URL estratto dal dataset; disponibilità live non garantita";;;
F72-0196;https://www.iocentro.it/index.php/2019/03/15/liste-di-attesa/;www.iocentro.it;2019;moduli;Roma 2;MOD-087;IO Centro ETS;"URL estratto dal dataset; disponibilità live non garantita";;;
F72-0197;https://www.kormed.it/strutture/comunita-psichiatrica-villa-costanza/;www.kormed.it;;moduli;Roma 6;MOD-029;Villa Costanza;"URL estratto dal dataset; disponibilità live non garantita";;;
F72-0198;https://www.kormed.it/wp-content/uploads/2022/07/CdS-Villa-Costanza-rev7-01-luglio-2026-260703.pdf;www.kormed.it;2022, 2026;moduli;Roma 6;MOD-029;Villa Costanza;"URL estratto dal dataset; disponibilità live non garantita";;;
F72-0199;https://www.maieusis.org/il-modello-maieusis/informazioni-per-linserimento/;www.maieusis.org;;moduli;Roma 4;MOD-083 | MOD-084;Maieusis — Centro diurno | Maieusis — Residenza terapeutica;"URL estratto dal dataset; disponibilità live non garantita";;;
F72-0200;https://www.maieusis.org/la-comunita-maieusis/;www.maieusis.org;;moduli;Roma 4;MOD-083 | MOD-084;Maieusis — Centro diurno | Maieusis — Residenza terapeutica;"URL estratto dal dataset; disponibilità live non garantita";;;
F72-0201;https://www.maieusis.org/wp-content/uploads/2022/11/maieusis-2022_carta_dei_servizi.pdf;www.maieusis.org;2022;moduli;Roma 4;MOD-083 | MOD-084;Maieusis — Centro diurno | Maieusis — Residenza terapeutica;"URL estratto dal dataset; disponibilità live non garantita";;;
F72-0202;https://www.operadoncalabria.it/alberoblu;www.operadoncalabria.it;;moduli | verifica privata V7.2;Roma 1;MOD-103;Opera Don Calabria – Centro Diurno L’Alberoblu;"URL estratto dal dataset; disponibilità live non garantita";;;
F72-0203;https://www.operadoncalabria.it/servizi;www.operadoncalabria.it;;moduli | verifica privata V7.2;Roma 1;MOD-103;Opera Don Calabria – Centro Diurno L’Alberoblu;"URL estratto dal dataset; disponibilità live non garantita";;;
F72-0204;https://www.regione.lazio.it/notizie/sanita-inaugurata-la-casa-della-comunita-di-pomezia;www.regione.lazio.it;;rete pubblica | verifica rete pubblica V7.2;ASL Roma 6;;Centro Diurno Pomezia;"URL estratto dal dataset; disponibilità live non garantita";;;
F72-0205;https://www.regione.lazio.it/sites/default/files/decreti-commissario-ad-acta/Decr_U00006_21_1_13_Revoca_DCA_U00127_2013_BELMONTE.pdf;www.regione.lazio.it;2013;moduli | verifica privata V7.2;Frosinone;MOD-096;San Nicola – Belmonte;"URL estratto dal dataset; disponibilità live non garantita";;;
F72-0206;https://www.regione.lazio.it/sites/default/files/decreti-commissario-ad-acta/Decr_U00241.pdf;www.regione.lazio.it;;moduli | verifica privata V7.2;Roma 6;MOD-049;C. Massimo;"URL estratto dal dataset; disponibilità live non garantita";;;
F72-0207;https://www.regione.lazio.it/sites/default/files/decreti-commissario-ad-acta/SAN_DCA_U00006_12_01_2017.pdf;www.regione.lazio.it;2017;moduli | verifica privata V7.2;Roma 1;MOD-099 | MOD-100;Struttura Residenziale Psichiatrica San Valentino;"URL estratto dal dataset; disponibilità live non garantita";;;
F72-0208;https://www.regione.lazio.it/sites/default/files/decreti-commissario-ad-acta/SAN_DCA_U00052_29_02_2016.pdf;www.regione.lazio.it;2016;moduli;Roma 1;MOD-019 | MOD-020 | MOD-021;Villa Maria Pia;"URL estratto dal dataset; disponibilità live non garantita";;;
F72-0209;https://www.regione.lazio.it/sites/default/files/decreti-commissario-ad-acta/SAN_DCA_U00154_20_04_2018.pdf;www.regione.lazio.it;2018;moduli;Viterbo;MOD-034 | MOD-035 | MOD-036 | MOD-037;Villa Rosa;"URL estratto dal dataset; disponibilità live non garantita";;;
F72-0210;https://www.salutelazio.it/;www.salutelazio.it;;rete pubblica | verifica rete pubblica V7.2;R6;;Ambulatorio Disturbi Alimentari Ospedale dei Castelli | DCA Minori Ariccia;"URL estratto dal dataset; disponibilità live non garantita";;;
F72-0211;https://www.srpsanvalentino.it/;www.srpsanvalentino.it;;moduli | verifica privata V7.2;Roma 1;MOD-099 | MOD-100;Struttura Residenziale Psichiatrica San Valentino;"URL estratto dal dataset; disponibilità live non garantita";;;
F72-0212;https://www.srpsanvalentino.it/area-medico-psichiatrica/;www.srpsanvalentino.it;;moduli;Roma 1;MOD-099 | MOD-100;Struttura Residenziale Psichiatrica San Valentino;"URL estratto dal dataset; disponibilità live non garantita";;;
F72-0213;https://www.srpsanvalentino.it/dove-siamo/;www.srpsanvalentino.it;;moduli;Roma 1;MOD-099 | MOD-100;Struttura Residenziale Psichiatrica San Valentino;"URL estratto dal dataset; disponibilità live non garantita";;;
F72-0214;https://www.srpsanvalentino.it/wp-content/uploads/2024/03/Modello-Organizzativo-231-S.-Valentino-Rev-08-del-18.1.24.pdf;www.srpsanvalentino.it;2024;moduli | verifica privata V7.2;Roma 1;MOD-099 | MOD-100;Struttura Residenziale Psichiatrica San Valentino;"URL estratto dal dataset; disponibilità live non garantita";;;
F72-0215;https://www.strutturapsichiatricavillabelvedere.com/;www.strutturapsichiatricavillabelvedere.com;;moduli;Rieti;MOD-085;Villa Belvedere;"URL estratto dal dataset; disponibilità live non garantita";;;
F72-0216;https://www.villagiuseppina.it/;www.villagiuseppina.it;;moduli;Roma 3;MOD-006 | MOD-007 | MOD-008 | MOD-009;Villa Giuseppina;"URL estratto dal dataset; disponibilità live non garantita";;;
;https://asl1abruzzo.patisweb.it/page/103/details/248940/prestazioni-sanitarie-relative-allarea-delle-dipendenze-patologiche-rete-privata-accreditata-liquidazione-fatture-periodo-gennaiomaggio-2026-associazione-di-volontariato-onlus-nuovi-orizzonti-comunita-di-piglio-fr.html;;;;;;;;MOD-107;Nuovi Orizzonti – Comunità di Piglio;2026-09-20
;https://comunitamondonuovo.it/;;;;;;;;MOD-111 | MOD-112 | MOD-113 | MOD-114;Mondo Nuovo – Colle Speranza | Mondo Nuovo – Villa Ciulepi | Mondo Nuovo – Villa Paradiso | Mondo Nuovo – Villa Sergetto;2026-09-20
;https://comunitamondonuovo.it/wp-content/uploads/2024/07/Carta-Servizi.pdf;;;;;;;;MOD-111 | MOD-112 | MOD-113 | MOD-114;Mondo Nuovo – Colle Speranza | Mondo Nuovo – Villa Ciulepi | Mondo Nuovo – Villa Paradiso | Mondo Nuovo – Villa Sergetto;2026-09-20
;https://dipendenze-emmanuel.org/;;;;;;;;MOD-115;Comunità Emmanuel – Centro Riccardo Blasetti;2026-09-20
;https://www.asl.rieti.it/associazioni-asl-rieti;;;;;;;;MOD-115;Comunità Emmanuel – Centro Riccardo Blasetti;2026-09-20
;https://www.aslroma5.it/amministrazione-trasparente/strutture-sanitarie-private-accreditate/;;;;;;;;MOD-022 | MOD-061 | MOD-062 | MOD-063 | MOD-064 | MOD-065 | MOD-066 | MOD-067 | MOD-068 | MOD-069 | MOD-070 | MOD-071 | MOD-072 | MOD-073 | MOD-074 | MOD-075 | MOD-076 | MOD-077 | MOD-078 | MOD-079 | MOD-080 | MOD-081 | MOD-082;Al Colle | Canterano | Castel Madama | Colle Cesarano | Comunità Francesco | Il Colle | Insieme ONLUS | La Staffa | Operiamo Insieme | Rosaurora | Villa Adriana | Villa Elisa | Villa Letizia — EGO | Villa Maddalena | Villaggio Adriano | Villanova;2026-09-20
;https://www.ausl.latina.it/AlboOnLine/miu2.do?link=ln38&miu2.icp1=16220&miu2.icp2=16221&pwu1md.sortCriteria=att7md%3AD&sp=page2md;;;;;;;;MOD-108;Fratello Sole – Santa Severa;2026-09-20
;https://www.ausl.latina.it/AlboOnLine/miu3.do?fllbck=.sv1md&hold=11630&kcond4.att2md=15687&link=ln18&miu3.icp3=36726&sp=page4;;;;;;;;MOD-039 | MOD-040 | MOD-041 | MOD-042 | MOD-043 | MOD-045 | MOD-046 | MOD-047;Alberto Pezzi | Insieme Arcobaleno | Insieme Mongolfiera | Insieme Spigno | Insieme1 Luna | Insieme1 Sole | Insieme2 | Redzep Sestovic;2026-09-20
;https://www.ausl.latina.it/AlboOnLine/miu7.do?link=ln4&miu7.icp1=15442&miu7.icp2=15445&pwu2.sortCriteria=att6%3AA&sp=page2;;;;;;;;MOD-108;Fratello Sole – Santa Severa;2026-09-20
;https://www.ausl.latina.it/AlboOnLine/miu8.do?acond15=2&inu1.current.att1=2&link=ln36&miu8.icp11=15671&miu8.icp12=15669&mssu1.shownMessages=Unable+to+execute+service&pwu1md.sortCriteria=att17md%3AA&sp=page2md;;;;;;;;MOD-109;Il Ponte – Centro di Solidarietà;2026-09-20
;https://www.ausl.latina.it/strutture-sanitarie-private-accreditate/7232-accordi-con-strutture-private-accreditate;;;;;;;;MOD-039 | MOD-040 | MOD-041 | MOD-042 | MOD-043 | MOD-045 | MOD-046 | MOD-047;Alberto Pezzi | Insieme Arcobaleno | Insieme Mongolfiera | Insieme Spigno | Insieme1 Luna | Insieme1 Sole | Insieme2 | Redzep Sestovic;2026-09-20
;https://www.comunitacusmano.com/chi-siamo/cosa-facciamo;;;;;;;;MOD-110;Comunità Psicoterapeutica Giacomo Cusmano;2026-09-20
;https://www.cooperate.it/servizi/santa_severa/comunita_psicoterapeutica_residenziale.html;;;;;;;;MOD-108;Fratello Sole – Santa Severa;2026-09-20
;https://www.ilpontecivitavecchia.it/;;;;;;;;MOD-109;Il Ponte – Centro di Solidarietà;2026-09-20
;https://www.nuoviorizzonti.org/;;;;;;;;MOD-107;Nuovi Orizzonti – Comunità di Piglio;2026-09-20
;https://www.pa33.it/ASLROMA4/DocDownload/132812/IDDOCUMENTO;;;;;;;;MOD-110;Comunità Psicoterapeutica Giacomo Cusmano;2026-09-20
;https://www.regione.lazio.it/sites/default/files/decreti-commissario-ad-acta/SAN_DCA_U00011_11_01_2018.pdf;;;;;;;;MOD-115;Comunità Emmanuel – Centro Riccardo Blasetti;2026-09-20
