id;url;titolo;consultato_il;metodo;data_documento;conferma_diretta
"V76-SRC-001";"https://www.aslroma1.it/salute-mentale";"Fonte V7.6 · https://www.aslroma1.it/salute-mentale";"2026-09-21";"pagina_ufficiale";"";"false"
"V76-SRC-002";"https://www.aslroma1.it/presidi-territoriali/centro-di-salute-mentale-plinio";"Fonte V7.6 · https://www.aslroma1.it/presidi-territoriali/centro-di-salute-mentale-plinio";"2026-09-21";"pagina_ufficiale";"";"false"
"V76-SRC-003";"https://www.aslroma1.it/presidi-territoriali/centro-salute-mentale-boccea";"Fonte V7.6 · https://www.aslroma1.it/presidi-territoriali/centro-salute-mentale-boccea";"2026-09-21";"pagina_ufficiale";"";"false"
"V76-SRC-004";"https://www.aslroma3.it/dipartimenti/dipartimento-di-salute-mentale/";"Fonte V7.6 · https://www.aslroma3.it/dipartimenti/dipartimento-di-salute-mentale/";"2026-09-21";"pagina_ufficiale";"";"false"
"V76-SRC-005";"https://www.aslroma5.it/dsmdp-dipartimento-di-salute-mentale-e-delle-dipendenze-patologiche/uos-csm-di-guidonia/";"Fonte V7.6 · https://www.aslroma5.it/dsmdp-dipartimento-di-salute-mentale-e-delle-dipendenze-patologiche/uos-csm-di-guidonia/";"2026-09-21";"pagina_ufficiale";"";"false"
"V76-SRC-006";"https://www.aslroma5.it/dsmdp-dipartimento-di-salute-mentale-e-delle-dipendenze-patologiche/uos-csm-di-monterotondo/";"Fonte V7.6 · https://www.aslroma5.it/dsmdp-dipartimento-di-salute-mentale-e-delle-dipendenze-patologiche/uos-csm-di-monterotondo/";"2026-09-21";"pagina_ufficiale";"";"false"
"V76-SRC-007";"https://www.aslroma5.it/dsmdp-dipartimento-di-salute-mentale-e-delle-dipendenze-patologiche/uoc-csm-subiaco-e-tivoli/uos-csm-di-subiaco/";"Fonte V7.6 · https://www.aslroma5.it/dsmdp-dipartimento-di-salute-mentale-e-delle-dipendenze-patologiche/uoc-csm-subiaco-e-tivoli/uos-csm-di-subiaco/";"2026-09-21";"pagina_ufficiale";"";"false"
"V76-SRC-008";"https://www.aslroma5.it/dsmdp-dipartimento-di-salute-mentale-e-delle-dipendenze-patologiche/uoc-csm-subiaco-e-tivoli/uos-csm-di-tivoli/";"Fonte V7.6 · https://www.aslroma5.it/dsmdp-dipartimento-di-salute-mentale-e-delle-dipendenze-patologiche/uoc-csm-subiaco-e-tivoli/uos-csm-di-tivoli/";"2026-09-21";"pagina_ufficiale";"";"false"
"V76-SRC-009";"https://www.aslroma5.it/dsmdp-dipartimento-di-salute-mentale-e-delle-dipendenze-patologiche/uoc-csm-di-colleferro-e-palestrina/uos-csm-di-colleferro/";"Fonte V7.6 · https://www.aslroma5.it/dsmdp-dipartimento-di-salute-mentale-e-delle-dipendenze-patologiche/uoc-csm-di-colleferro-e-palestrina/uos-csm-di-colleferro/";"2026-09-21";"pagina_ufficiale";"";"false"
"V76-SRC-010";"https://www.aslroma5.it/dsmdp-dipartimento-di-salute-mentale-e-delle-dipendenze-patologiche/uoc-csm-di-colleferro-e-palestrina/uos-csm-di-palestrina/";"Fonte V7.6 · https://www.aslroma5.it/dsmdp-dipartimento-di-salute-mentale-e-delle-dipendenze-patologiche/uoc-csm-di-colleferro-e-palestrina/uos-csm-di-palestrina/";"2026-09-21";"pagina_ufficiale";"";"false"
"V76-SRC-011";"https://www.aslroma4.it/strutture-sanitarie/strutture-di-salute-mentale";"Fonte V7.6 · https://www.aslroma4.it/strutture-sanitarie/strutture-di-salute-mentale";"2026-09-21";"pagina_ufficiale";"";"false"
"V76-SRC-012";"https://asl.vt.it/csm-centro-di-salute-mentale";"Fonte V7.6 · https://asl.vt.it/csm-centro-di-salute-mentale";"2026-09-21";"pagina_ufficiale";"";"false"
"V76-SRC-013";"https://www.asl.rieti.it/organizzazione-aziendale/dipartimenti/dipartimento-promozione-e-tutela-della-salute-mentale/uosd-csm/csm-distretto-1";"Fonte V7.6 · https://www.asl.rieti.it/organizzazione-aziendale/dipartimenti/dipartimento-promozione-e-tutela-della-salute-mentale/uosd-csm/csm-distretto-1";"2026-09-21";"indice_ufficiale";"";"false"
"V76-SRC-014";"https://www.asl.fr.it/strutture/dipartimenti/dipartimento-di-salute-mentale-e-delle-patologie-da-dipendenza/uoc-residenzialita-e-semiresidenzialita/uos-centri-diurni/";"Fonte V7.6 · https://www.asl.fr.it/strutture/dipartimenti/dipartimento-di-salute-mentale-e-delle-patologie-da-dipendenza/uoc-residenzialita-e-semiresidenzialita/uos-centri-diurni/";"2026-09-21";"indice_ufficiale";"";"false"
"V76-SRC-015";"https://kosgroup.com/it/centri/villa-armonia";"Fonte V7.6 · https://kosgroup.com/it/centri/villa-armonia";"2026-09-21";"pagina_gestore";"";"false"
"V76-SRC-016";"https://www.aslroma3.it/wp-content/uploads/2025/05/contratto_budget_15593_villa-armonia-nuova.pdf";"Fonte V7.6 · https://www.aslroma3.it/wp-content/uploads/2025/05/contratto_budget_15593_villa-armonia-nuova.pdf";"2026-09-21";"pdf_testo_estratto_screenshot_non_disponibile";"";"false"
"V76-SRC-017";"https://www.aslroma3.it/amministrazione-trasparente/strutture-sanitarie-private-accreditate/";"Fonte V7.6 · https://www.aslroma3.it/amministrazione-trasparente/strutture-sanitarie-private-accreditate/";"2026-09-21";"pagina_ufficiale";"";"false"
"V76-SRC-018";"https://www.ghcspa.com/villavonsiebenthal/attivita/struttura-per-trattamenti-psichiatrici-intensivi-territoriali";"Fonte V7.6 · https://www.ghcspa.com/villavonsiebenthal/attivita/struttura-per-trattamenti-psichiatrici-intensivi-territoriali";"2026-09-21";"pagina_gestore";"";"false"
"V76-SRC-019";"https://www.ghcspa.com/villavonsiebenthal/accoglienza/ricoveri-per-adolescenti";"Fonte V7.6 · https://www.ghcspa.com/villavonsiebenthal/accoglienza/ricoveri-per-adolescenti";"2026-09-21";"pagina_gestore";"";"false"
"V76-SRC-020";"https://www.ghcspa.com/villavonsiebenthal/attivita/struttura-residenziale-terapeutico-riabilitativa-estensiva-per-adulti";"Fonte V7.6 · https://www.ghcspa.com/villavonsiebenthal/attivita/struttura-residenziale-terapeutico-riabilitativa-estensiva-per-adulti";"2026-09-21";"pagina_gestore";"";"false"
"V76-SRC-021";"https://www.ghcspa.com/villavonsiebenthal/la-struttura/l-azienda";"Fonte V7.6 · https://www.ghcspa.com/villavonsiebenthal/la-struttura/l-azienda";"2026-09-21";"pagina_gestore";"";"false"
"V76-SRC-022";"https://villamariapia.com/ricoveri/";"Fonte V7.6 · https://villamariapia.com/ricoveri/";"2026-09-21";"pagina_gestore";"";"false"
"V76-SRC-023";"https://www.collecesarano.com/stpit/";"Fonte V7.6 · https://www.collecesarano.com/stpit/";"2026-09-21";"pagina_gestore";"";"false"
"V76-SRC-024";"https://www.ghcspa.com/samadi/accoglienza/modalita-di-accettazione-e-ricovero";"Fonte V7.6 · https://www.ghcspa.com/samadi/accoglienza/modalita-di-accettazione-e-ricovero";"2026-09-21";"pagina_gestore";"";"false"
"V76-SRC-025";"https://viterbo.ospedaliere.it/servizi-per-il-paziente/stpit-struttura-per-trattamenti-psichiatrici-intensivi-territoriali/";"Fonte V7.6 · https://viterbo.ospedaliere.it/servizi-per-il-paziente/stpit-struttura-per-trattamenti-psichiatrici-intensivi-territoriali/";"2026-09-21";"pagina_gestore";"";"false"
"V76-SRC-026";"https://www.ausl.latina.it/problemi-psicologici/31-azienda/449-dsm";"Fonte V7.6 · https://www.ausl.latina.it/problemi-psicologici/31-azienda/449-dsm";"2026-09-21";"pagina_ufficiale";"";"false"
"V76-SRC-027";"https://www.aslroma2.it/attachements/j4/com_content.article/Guida-Servizi-DSM-FINALE-21-11-2025.pdf";"Fonte V7.6 · https://www.aslroma2.it/attachements/j4/com_content.article/Guida-Servizi-DSM-FINALE-21-11-2025.pdf";"2026-09-21";"pdf_testo_e_screenshot";"";"false"
"V76-SRC-028";"https://www.dianova.it/numero-verde-droga/";"Fonte V7.6 · https://www.dianova.it/numero-verde-droga/";"2026-09-21";"pagina_gestore";"";"false"
"V76-SRC-029";"https://www.dianova.it/palombara/";"Fonte V7.6 · https://www.dianova.it/palombara/";"2026-09-21";"pagina_gestore";"";"false"
"V76-SRC-030";"https://www.icaretusa.edu.it/circolare/sportello-dascolto-psicologico/";"Fonte V7.6 · https://www.icaretusa.edu.it/circolare/sportello-dascolto-psicologico/";"2026-09-21";"pagina_ufficiale";"";"false"
"V76-SRC-031";"https://www.icmanuzio.edu.it/sportello-di-ascolto-psicologico-bando-regione-lazio/";"Fonte V7.6 · https://www.icmanuzio.edu.it/sportello-di-ascolto-psicologico-bando-regione-lazio/";"2026-09-21";"indice_ufficiale";"";"false"
"V76-SRC-032";"https://liceoaprilia.edu.it/";"Fonte V7.6 · https://liceoaprilia.edu.it/";"2026-09-21";"indice_ufficiale";"";"false"
"V76-SRC-033";"https://www.istitutocomprensivobassasabina.edu.it/luogo/sede-centrale/";"Fonte V7.6 · https://www.istitutocomprensivobassasabina.edu.it/luogo/sede-centrale/";"2026-09-21";"indice_ufficiale";"";"false"
"V76-SRC-034";"https://www.istitutocomprensivofrosinonequarto.edu.it/pagine/ascoltami--sportello-psicologico-supporto-per-studentesse-e-studenti";"Fonte V7.6 · https://www.istitutocomprensivofrosinonequarto.edu.it/pagine/ascoltami--sportello-psicologico-supporto-per-studentesse-e-studenti";"2026-09-21";"indice_ufficiale";"";"false"
"V76-SRC-035";"https://www.aemmemedica.it/medico/visite-ed-esami/psicologia/";"Fonte V7.6 · https://www.aemmemedica.it/medico/visite-ed-esami/psicologia/";"2026-09-21";"documentale_web";"";"false"
"V76-SRC-036";"https://www.airrimedical.it/it/ambulatori-viterbo/";"Fonte V7.6 · https://www.airrimedical.it/it/ambulatori-viterbo/";"2026-09-21";"documentale_web";"";"false"
"V76-SRC-037";"https://medicalpontino.it/neuropsicologia-clinica/";"Fonte V7.6 · https://medicalpontino.it/neuropsicologia-clinica/";"2026-09-21";"documentale_web";"";"false"
"V76-SRC-038";"https://www.riahsalute.it/portfolio-items/neuropsicologia/";"Fonte V7.6 · https://www.riahsalute.it/portfolio-items/neuropsicologia/";"2026-09-21";"documentale_web";"";"false"
"V76-SRC-039";"https://www.riahsalute.it/portfolio-items/fisiatria/";"Fonte V7.6 · https://www.riahsalute.it/portfolio-items/fisiatria/";"2026-09-21";"documentale_web";"";"false"
"V76-SRC-040";"https://istitutosantachiara.it/sedi/latina/";"Fonte V7.6 · https://istitutosantachiara.it/sedi/latina/";"2026-09-21";"documentale_web";"";"false"
"V76-SRC-041";"https://www.cdtrilussapomezia.edu.it/pagine/sportello-psicologico-";"Fonte V7.6 · https://www.cdtrilussapomezia.edu.it/pagine/sportello-psicologico-";"2026-09-21";"documentale_web";"";"false"
"V76-SRC-042";"https://www.ispontecorvo.edu.it/pagine/sportello-dascolto-per-supporto-e-assistenza-psicologica";"Fonte V7.6 · https://www.ispontecorvo.edu.it/pagine/sportello-dascolto-per-supporto-e-assistenza-psicologica";"2026-09-21";"documentale_web";"";"false"
"V76-SRC-043";"https://www.liceobenedettodanorcia.edu.it/pagine/sportello-di-ascolto-psicologico";"Fonte V7.6 · https://www.liceobenedettodanorcia.edu.it/pagine/sportello-di-ascolto-psicologico";"2026-09-21";"documentale_web";"";"false"
"V76-SRC-044";"https://www.liceopaoloruffiniviterbo.edu.it/servizio/sportello-di-ascolto/";"Fonte V7.6 · https://www.liceopaoloruffiniviterbo.edu.it/servizio/sportello-di-ascolto/";"2026-09-21";"documentale_web";"";"false"
"V76-SRC-045";"https://www.itsbianchini.edu.it/pagine/sportello-dascolto";"Fonte V7.6 · https://www.itsbianchini.edu.it/pagine/sportello-dascolto";"2026-09-21";"documentale_web";"";"false"
"V76-SRC-046";"https://www.voltafr.edu.it/pagine/comunicazioni-";"Fonte V7.6 · https://www.voltafr.edu.it/pagine/comunicazioni-";"2026-09-21";"documentale_web";"";"false"
"V76-SRC-047";"https://www.rosatelli.edu.it/pn/";"Fonte V7.6 · https://www.rosatelli.edu.it/pn/";"2026-09-21";"documentale_web";"";"false"
"V76-SRC-048";"https://www.asl.vt.it/consultori";"Fonte V7.6 · https://www.asl.vt.it/consultori";"2026-09-21";"documentale_web";"";"false"
"V76-SRC-049";"https://progetti.regione.lazio.it/nonseisola/centri-antiviolenza-inseriti-nella-mappatura-della-regione-lazio/";"Fonte V7.6 · https://progetti.regione.lazio.it/nonseisola/centri-antiviolenza-inseriti-nella-mappatura-della-regione-lazio/";"2026-09-21";"documentale_web";"";"false"
"V76-SRC-050";"https://progetti.regione.lazio.it/nonseisola/mappa-centri-antiviolenza/";"Fonte V7.6 · https://progetti.regione.lazio.it/nonseisola/mappa-centri-antiviolenza/";"2026-09-21";"documentale_web";"";"false"
"V76-SRC-051";"https://www.uniroma4.it/index.php/come-fare-per/usufruire-dello-sportello-di-ascolto/";"Fonte V7.6 · https://www.uniroma4.it/index.php/come-fare-per/usufruire-dello-sportello-di-ascolto/";"2026-09-21";"documentale_web";"";"false"
"V76-SRC-052";"https://www.uniroma4.it/index.php/avvisi/benessere-personale-e-nato-un-nuovo-spazio-di-ascolto-in-ateneo/";"Fonte V7.6 · https://www.uniroma4.it/index.php/avvisi/benessere-personale-e-nato-un-nuovo-spazio-di-ascolto-in-ateneo/";"2026-09-21";"documentale_web";"";"false"
