"categoria";"id";"nome";"comune_sede";"provincia";"servizio_tipologia";"periodo_validita";"stato";"data_verifica_documentale";"fonti";"scheda_completa_json"
"rete";"NET76-001";"Centro Diurno Aprilia";"Aprilia";"LT";"Centro diurno";"Non documentato separatamente";"Riesame documentale parziale; recapito email da confermare";"2026-09-21";"https://www.ausl.latina.it/problemi-psicologici/31-azienda/449-dsm";"{""id"": ""NET76-001"", ""nome"": ""Centro Diurno Aprilia"", ""asl"": ""ASL Latina"", ""tipo"": ""Centro diurno"", ""comune"": ""Aprilia"", ""provincia"": ""LT"", ""indirizzo"": ""Via degli Oleandri 94, Aprilia"", ""telefono"": ""06 928634382"", ""email"": ""Da confermare: la tabella riporta centrodiurnolatina@ausl.latina.it anche per Aprilia."", ""orari"": ""Lun e gio 08–17:30; mar, mer e ven 08–14."", ""servizi"": ""Servizio diurno di salute mentale censito nella rete DSM."", ""accesso"": ""Progetto riabilitativo personalizzato concordato con il CSM secondo la descrizione generale della rete."", ""gestione"": ""Rete ASL Latina"", ""fonte"": ""https://www.ausl.latina.it/problemi-psicologici/31-azienda/449-dsm"", ""ultima_verifica"": ""2026-09-21"", ""verifica"": ""Riesame documentale parziale; recapito email da confermare"", ""fonti_v7_6"": [""LT-DSM""], ""ultima_verifica_v7_6"": ""2026-09-21"", ""conferma_diretta"": false}"
"privati";"PRI76-001";"Villa Maria Pia – canale privato SRSR H24";"Roma";"RM";"Degenza/residenzialità psichiatrica privata SRSR H24";"Non documentato separatamente";"Attività privata dichiarata dal gestore; dati amministrativi da verificare";"2026-09-21";"https://villamariapia.com/ricoveri/";"{""id"": ""PRI76-001"", ""denominazione"": ""Villa Maria Pia – canale privato SRSR H24"", ""sede"": ""Via del Forte Trionfale 36, Roma"", ""comune"": ""Roma"", ""provincia"": ""RM"", ""contatti"": ""06 3052651 / 06 3052652"", ""tipologia"": ""Degenza/residenzialità psichiatrica privata SRSR H24"", ""servizi_dichiarati"": ""Trattamento volontario terapeutico-riabilitativo per adulti; canale privato della SRSR H24 dichiarato."", ""destinatari"": ""Adulti; valutazione di idoneità della struttura."", ""equipe_professionisti"": ""Équipe multidisciplinare dichiarata; turni non documentati."", ""autorizzazione_sanitaria"": ""Atto specifico del canale privato non acquisito."", ""accreditamento"": ""Da distinguere dal canale privato; vedere modulo VMP del database."", ""convenzione_ssn"": ""Questo record descrive il canale a pagamento, non prova disponibilità SSN."", ""regime"": ""Residenziale"", ""sito_ufficiale"": ""https://villamariapia.com/ricoveri/"", ""fonte_istituzionale"": ""Non acquisita per il canale privato."", ""data_verifica"": ""2026-09-21"", ""stato"": ""Attività privata dichiarata dal gestore; dati amministrativi da verificare"", ""relazione_modulo"": ""MOD-020"", ""relazione_sede"": ""VMP"", ""costo"": ""Tariffa non documentata; chiedere preventivo."", ""fonti_v7_6"": [""VMP-RIC""], ""ultima_verifica_v7_6"": ""2026-09-21"", ""conferma_diretta"": false}"
"privati";"PRI76-002";"Aemme Medica – Psicologia";"Anagni";"FR";"Poliambulatorio privato";"Non documentato separatamente";"Offerta descrittiva riscontrata; accesso e stato amministrativo da confermare";"2026-09-21";"https://www.aemmemedica.it/medico/visite-ed-esami/psicologia/";"{""id"": ""PRI76-002"", ""denominazione"": ""Aemme Medica – Psicologia"", ""comune"": ""Anagni"", ""provincia"": ""FR"", ""sede"": ""Via Giovanni Giminiani 17, Anagni"", ""contatti"": ""0775 728391 / 366 2255202; info@aemmemedica.it"", ""tipologia"": ""Poliambulatorio privato"", ""servizi_dichiarati"": ""Colloqui psicologici individuali, di coppia e familiari."", ""destinatari"": ""Persone, coppie e famiglie; fascia di età da confermare."", ""equipe_professionisti"": ""Professionisti di psicologia indicati dal centro."", ""autorizzazione_sanitaria"": ""Il sito cita autorizzazione regionale G06484 del 29/05/2024; atto non acquisito direttamente."", ""accreditamento"": ""Non documentato per queste prestazioni."", ""convenzione_ssn"": ""Non documentata per queste prestazioni; non dedotta da altre attività della struttura."", ""regime"": ""Ambulatoriale"", ""sito_ufficiale"": ""https://www.aemmemedica.it/medico/visite-ed-esami/psicologia/"", ""fonte_istituzionale"": ""Non acquisita per queste prestazioni."", ""data_verifica"": ""2026-09-21"", ""stato"": ""Offerta descrittiva riscontrata; accesso e stato amministrativo da confermare"", ""costo"": ""Tariffe non documentate; chiedere preventivo."", ""orari"": ""Segreteria: lun–ven 09–13 e 15–19; sab 09–13. Non agenda del professionista."", ""fonti_v7_6"": [""PRI-AEMME""], ""ultima_verifica_v7_6"": ""2026-09-21"", ""conferma_diretta"": false}"
"privati";"PRI76-003";"AIRRI Medical – Poliambulatorio Viterbo";"Viterbo";"VT";"Poliambulatorio";"Non documentato separatamente";"Offerta descrittiva riscontrata; accesso e stato amministrativo da confermare";"2026-09-21";"https://www.airrimedical.it/it/ambulatori-viterbo/";"{""id"": ""PRI76-003"", ""denominazione"": ""AIRRI Medical – Poliambulatorio Viterbo"", ""comune"": ""Viterbo"", ""provincia"": ""VT"", ""sede"": ""Via C. Cattaneo 46/T, Viterbo"", ""contatti"": ""0761 227123 (poliambulatorio); 0761 306111 (centro)"", ""tipologia"": ""Poliambulatorio"", ""servizi_dichiarati"": ""Psicologia, neuropsichiatria infantile e neurologia elencate per la sede."", ""destinatari"": ""Adulti e minori secondo la prestazione."", ""equipe_professionisti"": ""Specialisti delle discipline elencate; équipe e turni non documentati separatamente."", ""autorizzazione_sanitaria"": ""Non documentata su fonte istituzionale nella presente ricognizione."", ""accreditamento"": ""Il sito distingue prestazioni accreditate e private. Accreditamento della singola prestazione psicologica/NPI non acquisito."", ""convenzione_ssn"": ""Da verificare per disciplina e modalità di accesso; non estesa dalle attività riabilitative accreditate."", ""regime"": ""Ambulatoriale"", ""sito_ufficiale"": ""https://www.airrimedical.it/it/ambulatori-viterbo/"", ""fonte_istituzionale"": ""Non acquisita per queste prestazioni."", ""data_verifica"": ""2026-09-21"", ""stato"": ""Offerta descrittiva riscontrata; accesso e stato amministrativo da confermare"", ""costo"": ""Tariffe non documentate; chiedere preventivo."", ""fonti_v7_6"": [""PRI-AIRRI""], ""ultima_verifica_v7_6"": ""2026-09-21"", ""conferma_diretta"": false}"
"privati";"PRI76-004";"Medical Pontino – Neuropsicologia clinica";"Latina";"LT";"Centro medico privato – area neuropsicologica";"Non documentato separatamente";"Offerta documentata in pagina del 15/11/2024; operatività corrente da confermare";"2026-09-21";"https://medicalpontino.it/neuropsicologia-clinica/";"{""id"": ""PRI76-004"", ""denominazione"": ""Medical Pontino – Neuropsicologia clinica"", ""comune"": ""Latina"", ""provincia"": ""LT"", ""sede"": ""Via Custoza 3, Latina; ingresso da confermare (anche 3/B nel sito)"", ""contatti"": ""0773 661234"", ""tipologia"": ""Centro medico privato – area neuropsicologica"", ""servizi_dichiarati"": ""Consulenza, valutazione, relazione neuropsicologica, riabilitazione e sostegno."", ""destinatari"": ""Persone con bisogni di valutazione cognitiva; criteri e fasce di età da confermare."", ""equipe_professionisti"": ""Theisy Racioppi, neuropsicologa indicata nella pagina."", ""autorizzazione_sanitaria"": ""Non documentata su fonte istituzionale nella presente ricognizione."", ""accreditamento"": ""Non documentato per queste prestazioni."", ""convenzione_ssn"": ""Non documentata per queste prestazioni; non dedotta da altre attività della struttura."", ""regime"": ""Ambulatoriale"", ""sito_ufficiale"": ""https://medicalpontino.it/neuropsicologia-clinica/"", ""fonte_istituzionale"": ""Non acquisita per queste prestazioni."", ""data_verifica"": ""2026-09-21"", ""stato"": ""Offerta documentata in pagina del 15/11/2024; operatività corrente da confermare"", ""costo"": ""Tariffe non documentate; chiedere preventivo."", ""fonti_v7_6"": [""PRI-PONT""], ""ultima_verifica_v7_6"": ""2026-09-21"", ""conferma_diretta"": false}"
"privati";"PRI76-005";"RiaH Riabilitazione – consulenza neuropsicologica";"Rieti";"RI";"Centro riabilitativo privato con canali di accesso distinti";"Non documentato separatamente";"Offerta descrittiva riscontrata; accesso e stato amministrativo da confermare";"2026-09-21";"https://www.riahsalute.it/portfolio-items/neuropsicologia/ | https://www.riahsalute.it/portfolio-items/fisiatria/";"{""id"": ""PRI76-005"", ""denominazione"": ""RiaH Riabilitazione – consulenza neuropsicologica"", ""comune"": ""Rieti"", ""provincia"": ""RI"", ""sede"": ""Via Nuova 169/A, Rieti; sede della prestazione da confermare alla segreteria"", ""contatti"": ""0746 498680; accettazione@riah.it"", ""tipologia"": ""Centro riabilitativo privato con canali di accesso distinti"", ""servizi_dichiarati"": ""Consulenza e valutazione neuropsicologica."", ""destinatari"": ""Utenti con bisogni di valutazione cognitiva; criteri da concordare."", ""equipe_professionisti"": ""Équipe specifica e turni non documentati nella pagina."", ""autorizzazione_sanitaria"": ""Non documentata su fonte istituzionale nella presente ricognizione."", ""accreditamento"": ""Non documentato per queste prestazioni."", ""convenzione_ssn"": ""Il sito descrive accessi ASL e privati; non acquisito contratto corrente specifico di neuropsicologia."", ""regime"": ""Ambulatoriale"", ""sito_ufficiale"": ""https://www.riahsalute.it/portfolio-items/neuropsicologia/"", ""fonte_istituzionale"": ""Non acquisita per queste prestazioni."", ""data_verifica"": ""2026-09-21"", ""stato"": ""Offerta descrittiva riscontrata; accesso e stato amministrativo da confermare"", ""costo"": ""Tariffe non documentate; chiedere preventivo."", ""prenotazione"": ""Contatto con accettazione; prescrizione medica prevista nelle regole generali del centro."", ""fonti_v7_6"": [""PRI-RIAH"", ""RIAH-ACCESS""], ""ultima_verifica_v7_6"": ""2026-09-21"", ""conferma_diretta"": false}"
"privati";"PRI76-006";"Istituto Santa Chiara – Latina";"Latina";"LT";"Centro ambulatoriale riabilitativo privato";"Non documentato separatamente";"Offerta privata/non ASL documentata; regime di pagamento e rapporti SSN da confermare";"2026-09-21";"https://istitutosantachiara.it/sedi/latina/";"{""id"": ""PRI76-006"", ""denominazione"": ""Istituto Santa Chiara – Latina"", ""comune"": ""Latina"", ""provincia"": ""LT"", ""sede"": ""Viale Le Corbusier 393, Latina"", ""contatti"": ""latinariabilitazione@istitutosantachiara.it; telefono non documentato nella pagina"", ""tipologia"": ""Centro ambulatoriale riabilitativo privato"", ""servizi_dichiarati"": ""Neuropsicologia, psicoterapia, DSA, autismo, logopedia e neuropsicomotricità."", ""destinatari"": ""Età evolutiva e adulti secondo progetto riabilitativo."", ""equipe_professionisti"": ""Équipe multidisciplinare dichiarata; ruoli e turni da confermare."", ""autorizzazione_sanitaria"": ""Il gestore dichiara autorizzazione regionale per centro ex art. 26; estremi dell’atto non acquisiti."", ""accreditamento"": ""Non documentato per queste prestazioni."", ""convenzione_ssn"": ""Non documentata per queste prestazioni; non dedotta da altre attività della struttura."", ""regime"": ""Ambulatoriale"", ""sito_ufficiale"": ""https://istitutosantachiara.it/sedi/latina/"", ""fonte_istituzionale"": ""Non acquisita per queste prestazioni."", ""data_verifica"": ""2026-09-21"", ""stato"": ""Offerta privata/non ASL documentata; regime di pagamento e rapporti SSN da confermare"", ""costo"": ""Tariffe non documentate; chiedere preventivo."", ""orari"": ""Su appuntamento: lun–ven 08–20, sab 08–14."", ""fonti_v7_6"": [""PRI-SCLT""], ""ultima_verifica_v7_6"": ""2026-09-21"", ""conferma_diretta"": false}"
"scuole";"SCU76-001";"Circolo Didattico Trilussa";"Pomezia";"RM";"Sportello di ascolto psicologico";"Avvio 26/03/2026; A.S. 2025/26";"Storico – disponibilità 2026/27 da confermare";"2026-09-21";"https://www.cdtrilussapomezia.edu.it/pagine/sportello-psicologico-";"{""id"": ""SCU76-001"", ""istituto"": ""Circolo Didattico Trilussa"", ""comune"": ""Pomezia"", ""provincia"": ""RM"", ""ordine_grado"": ""Infanzia / primaria"", ""servizio"": ""Sportello di ascolto psicologico"", ""ammessi"": ""Studenti, famiglie e personale secondo avviso"", ""gratuito"": ""Non documentato"", ""modalita_accesso"": ""In presenza il giovedì nel periodo dell’avviso; consenso per minori da verificare."", ""prenotazione"": ""Non documentata nel riscontro acquisito"", ""professionista_ente_gestore"": ""Madalina Grigore"", ""periodo_validita"": ""Avvio 26/03/2026; A.S. 2025/26"", ""telefono_email_link"": ""Segreteria: Via G. Matteotti 7, Pomezia; 06 9122310; rmee309003@istruzione.it"", ""collaborazione_pubblica"": ""Istituto scolastico; altri partner non documentati"", ""fonte"": ""https://www.cdtrilussapomezia.edu.it/pagine/sportello-psicologico-"", ""ultima_verifica"": ""2026-09-21"", ""stato_dato"": ""Storico – disponibilità 2026/27 da confermare"", ""tipo_record"": ""sportello_scolastico"", ""fonti_v7_6"": [""SRC-SCU76-001""], ""ultima_verifica_v7_6"": ""2026-09-21"", ""conferma_diretta"": false}"
"scuole";"SCU76-002";"IIS Pontecorvo";"Pontecorvo";"FR";"Sportello di ascolto psicologico";"27/02/2026 – maggio 2026";"Storico – disponibilità 2026/27 da confermare";"2026-09-21";"https://www.ispontecorvo.edu.it/pagine/sportello-dascolto-per-supporto-e-assistenza-psicologica";"{""id"": ""SCU76-002"", ""istituto"": ""IIS Pontecorvo"", ""comune"": ""Pontecorvo"", ""provincia"": ""FR"", ""ordine_grado"": ""Secondaria di II grado"", ""servizio"": ""Sportello di ascolto psicologico"", ""ammessi"": ""Studenti; interventi individuali e con le classi indicati dall’avviso"", ""gratuito"": ""Non documentato"", ""modalita_accesso"": ""Secondo la circolare della scuola; per minori verificare i consensi richiesti."", ""prenotazione"": ""Non documentata nel riscontro acquisito"", ""professionista_ente_gestore"": ""Non documentato"", ""periodo_validita"": ""27/02/2026 – maggio 2026"", ""telefono_email_link"": ""Sede istituto: Via XXIV Maggio 106, Pontecorvo; altri contatti da verificare."", ""collaborazione_pubblica"": ""Istituto scolastico; altri partner non documentati"", ""fonte"": ""https://www.ispontecorvo.edu.it/pagine/sportello-dascolto-per-supporto-e-assistenza-psicologica"", ""ultima_verifica"": ""2026-09-21"", ""stato_dato"": ""Storico – disponibilità 2026/27 da confermare"", ""tipo_record"": ""sportello_scolastico"", ""fonti_v7_6"": [""SRC-SCU76-002""], ""ultima_verifica_v7_6"": ""2026-09-21"", ""conferma_diretta"": false}"
"scuole";"SCU76-003";"Liceo Benedetto da Norcia";"Roma";"RM";"Sportello di ascolto psicologico";"Avvio 16/03/2026; A.S. 2025/26";"Storico – disponibilità 2026/27 da confermare";"2026-09-21";"https://www.liceobenedettodanorcia.edu.it/pagine/sportello-di-ascolto-psicologico";"{""id"": ""SCU76-003"", ""istituto"": ""Liceo Benedetto da Norcia"", ""comune"": ""Roma"", ""provincia"": ""RM"", ""ordine_grado"": ""Secondaria di II grado"", ""servizio"": ""Sportello di ascolto psicologico"", ""ammessi"": ""Studenti, genitori, docenti e personale"", ""gratuito"": ""Sì secondo avviso"", ""modalita_accesso"": ""In presenza nei plessi secondo calendario scolastico; consenso per minori."", ""prenotazione"": ""sportello.dascolto@liceobenedettodanorcia.edu.it"", ""professionista_ente_gestore"": ""Giada Di Chio"", ""periodo_validita"": ""Avvio 16/03/2026; A.S. 2025/26"", ""telefono_email_link"": ""sportello.dascolto@liceobenedettodanorcia.edu.it"", ""collaborazione_pubblica"": ""Istituto scolastico; altri partner non documentati"", ""fonte"": ""https://www.liceobenedettodanorcia.edu.it/pagine/sportello-di-ascolto-psicologico"", ""ultima_verifica"": ""2026-09-21"", ""stato_dato"": ""Storico – disponibilità 2026/27 da confermare"", ""tipo_record"": ""sportello_scolastico"", ""fonti_v7_6"": [""SRC-SCU76-003""], ""ultima_verifica_v7_6"": ""2026-09-21"", ""conferma_diretta"": false}"
"scuole";"SCU76-004";"Liceo Paolo Ruffini";"Viterbo";"VT";"Sportello di ascolto psicologico";"Pagina aggiornata 07/01/2026; annualità del servizio non specificata";"Da confermare – annualità non esplicita";"2026-09-21";"https://www.liceopaoloruffiniviterbo.edu.it/servizio/sportello-di-ascolto/";"{""id"": ""SCU76-004"", ""istituto"": ""Liceo Paolo Ruffini"", ""comune"": ""Viterbo"", ""provincia"": ""VT"", ""ordine_grado"": ""Secondaria di II grado"", ""servizio"": ""Sportello di ascolto psicologico"", ""ammessi"": ""Studenti, genitori e personale secondo modalità del servizio"", ""gratuito"": ""Sì secondo pagina"", ""modalita_accesso"": ""Presenza o Meet secondo categoria e disponibilità del servizio"", ""prenotazione"": ""Non documentata nel riscontro acquisito"", ""professionista_ente_gestore"": ""Non documentato"", ""periodo_validita"": ""Pagina aggiornata 07/01/2026; annualità del servizio non specificata"", ""telefono_email_link"": ""Segreteria: Piazza Dante Alighieri 13; 0761 340694; vtps010006@istruzione.it"", ""collaborazione_pubblica"": ""Istituto scolastico; altri partner non documentati"", ""fonte"": ""https://www.liceopaoloruffiniviterbo.edu.it/servizio/sportello-di-ascolto/"", ""ultima_verifica"": ""2026-09-21"", ""stato_dato"": ""Da confermare – annualità non esplicita"", ""tipo_record"": ""sportello_scolastico"", ""fonti_v7_6"": [""SRC-SCU76-004""], ""ultima_verifica_v7_6"": ""2026-09-21"", ""conferma_diretta"": false}"
"scuole";"SCU76-005";"ITS Arturo Bianchini";"Terracina";"LT";"Sportello di ascolto psicologico";"A.S. 2024/2025";"Storico – disponibilità 2026/27 da confermare";"2026-09-21";"https://www.itsbianchini.edu.it/pagine/sportello-dascolto";"{""id"": ""SCU76-005"", ""istituto"": ""ITS Arturo Bianchini"", ""comune"": ""Terracina"", ""provincia"": ""LT"", ""ordine_grado"": ""Secondaria di II grado"", ""servizio"": ""Sportello di ascolto psicologico"", ""ammessi"": ""Comunità scolastica secondo l’avviso"", ""gratuito"": ""Sì secondo l’avviso"", ""modalita_accesso"": ""Secondo la circolare della scuola; per minori verificare i consensi richiesti."", ""prenotazione"": ""WhatsApp 339 5310835 (contatto dell’avviso 2024/25, da confermare)"", ""professionista_ente_gestore"": ""Marco Masci, psicologo/psicoterapeuta indicato"", ""periodo_validita"": ""A.S. 2024/2025"", ""telefono_email_link"": ""Segreteria: Via Pantanelle snc; 0773 724011; LTIS02800R@istruzione.it"", ""collaborazione_pubblica"": ""Istituto scolastico; altri partner non documentati"", ""fonte"": ""https://www.itsbianchini.edu.it/pagine/sportello-dascolto"", ""ultima_verifica"": ""2026-09-21"", ""stato_dato"": ""Storico – disponibilità 2026/27 da confermare"", ""tipo_record"": ""sportello_scolastico"", ""fonti_v7_6"": [""SRC-SCU76-005""], ""ultima_verifica_v7_6"": ""2026-09-21"", ""conferma_diretta"": false}"
"scuole";"SCU76-006";"IIS Alessandro Volta";"Frosinone";"FR";"Sportello di ascolto psicologico";"A.S. 2025/2026, circolare n. 245";"Storico – disponibilità 2026/27 da confermare";"2026-09-21";"https://www.voltafr.edu.it/pagine/comunicazioni-";"{""id"": ""SCU76-006"", ""istituto"": ""IIS Alessandro Volta"", ""comune"": ""Frosinone"", ""provincia"": ""FR"", ""ordine_grado"": ""Secondaria di II grado"", ""servizio"": ""Sportello di ascolto psicologico"", ""ammessi"": ""Non documentato nel riscontro acquisito"", ""gratuito"": ""Non documentato"", ""modalita_accesso"": ""Secondo la circolare della scuola; per minori verificare i consensi richiesti."", ""prenotazione"": ""Non documentata nel riscontro acquisito"", ""professionista_ente_gestore"": ""Non documentato"", ""periodo_validita"": ""A.S. 2025/2026, circolare n. 245"", ""telefono_email_link"": ""Segreteria: Viale Roma snc; 0775 251511; fris01800e@istruzione.it"", ""collaborazione_pubblica"": ""Istituto scolastico; altri partner non documentati"", ""fonte"": ""https://www.voltafr.edu.it/pagine/comunicazioni-"", ""ultima_verifica"": ""2026-09-21"", ""stato_dato"": ""Storico – disponibilità 2026/27 da confermare"", ""tipo_record"": ""sportello_scolastico"", ""fonti_v7_6"": [""SRC-SCU76-006""], ""ultima_verifica_v7_6"": ""2026-09-21"", ""conferma_diretta"": false}"
"scuole";"SCU76-007";"IIS Celestino Rosatelli";"Rieti";"RI";"Sportello di ascolto psicologico";"Progetto FSE sportello psicologico 2023–2025";"Storico progettuale – apertura sportello 2026/27 non confermata";"2026-09-21";"https://www.rosatelli.edu.it/pn/";"{""id"": ""SCU76-007"", ""istituto"": ""IIS Celestino Rosatelli"", ""comune"": ""Rieti"", ""provincia"": ""RI"", ""ordine_grado"": ""Secondaria di II grado"", ""servizio"": ""Sportello di ascolto psicologico"", ""ammessi"": ""Non documentato nel riscontro acquisito"", ""gratuito"": ""Non documentato"", ""modalita_accesso"": ""Secondo la circolare della scuola; per minori verificare i consensi richiesti."", ""prenotazione"": ""Non documentata nel riscontro acquisito"", ""professionista_ente_gestore"": ""Non documentato"", ""periodo_validita"": ""Progetto FSE sportello psicologico 2023–2025"", ""telefono_email_link"": ""Segreteria: Viale A. Fassini 1; 0746 201387; RIIS007008@istruzione.it"", ""collaborazione_pubblica"": ""Istituto scolastico; altri partner non documentati"", ""fonte"": ""https://www.rosatelli.edu.it/pn/"", ""ultima_verifica"": ""2026-09-21"", ""stato_dato"": ""Storico progettuale – apertura sportello 2026/27 non confermata"", ""tipo_record"": ""sportello_scolastico"", ""fonti_v7_6"": [""SRC-SCU76-007""], ""ultima_verifica_v7_6"": ""2026-09-21"", ""conferma_diretta"": false}"
"centri_ascolto";"ASC76-001";"Consultorio Montefiascone – area psicologica";"Montefiascone";"VT";"";"Non documentato separatamente";"Riesame documentale parziale; agenda da confermare";"2026-09-21";"https://www.asl.vt.it/consultori";"{""id"": ""ASC76-001"", ""nome"": ""Consultorio Montefiascone – area psicologica"", ""ente_titolare"": ""ASL Viterbo"", ""comune_municipio"": ""Montefiascone"", ""provincia"": ""VT"", ""destinatari"": ""Singoli, coppie e famiglie secondo i percorsi consultoriali"", ""finalita"": ""Ascolto e consulenza psicologica consultoriale; non CSM o pronto soccorso"", ""costo"": ""Gratuito secondo pagina ASL"", ""accesso"": ""Senza impegnativa; prenotazione e percorso da concordare con la sede"", ""telefono"": ""0761 1860372 (area psicologica)"", ""email"": ""Non documentata nella pagina"", ""indirizzo"": ""Via Dante Alighieri 100, Montefiascone"", ""orari"": ""Lun–ven 08:30–13:30 e 14:30–17; apertura sede, non agenda individuale dello psicologo."", ""fonte"": ""https://www.asl.vt.it/consultori"", ""ultima_verifica"": ""2026-09-21"", ""stato"": ""Riesame documentale parziale; agenda da confermare"", ""fonti_v7_6"": [""VT-CONS""], ""ultima_verifica_v7_6"": ""2026-09-21"", ""conferma_diretta"": false}"
"centri_ascolto";"ASC76-002";"Consultorio Acquapendente – area psicologica";"Acquapendente";"VT";"";"Non documentato separatamente";"Riesame documentale parziale; agenda da confermare";"2026-09-21";"https://www.asl.vt.it/consultori";"{""id"": ""ASC76-002"", ""nome"": ""Consultorio Acquapendente – area psicologica"", ""ente_titolare"": ""ASL Viterbo"", ""comune_municipio"": ""Acquapendente"", ""provincia"": ""VT"", ""destinatari"": ""Singoli, coppie e famiglie secondo i percorsi consultoriali"", ""finalita"": ""Ascolto e consulenza psicologica consultoriale; non CSM o pronto soccorso"", ""costo"": ""Gratuito secondo pagina ASL"", ""accesso"": ""Senza impegnativa; prenotazione e percorso da concordare con la sede"", ""telefono"": ""0763 735214 (area psicologica)"", ""email"": ""Non documentata nella pagina"", ""indirizzo"": ""Via del Fiore 14, Acquapendente"", ""orari"": ""Lun–ven 08:30–13:30; mar e gio anche 14:30–17; apertura sede, non agenda individuale dello psicologo."", ""fonte"": ""https://www.asl.vt.it/consultori"", ""ultima_verifica"": ""2026-09-21"", ""stato"": ""Riesame documentale parziale; agenda da confermare"", ""fonti_v7_6"": [""VT-CONS""], ""ultima_verifica_v7_6"": ""2026-09-21"", ""conferma_diretta"": false}"
"centri_ascolto";"ASC76-003";"Consultorio Bagnoregio – area psicologica";"Bagnoregio";"VT";"";"Non documentato separatamente";"Riesame documentale parziale; agenda da confermare";"2026-09-21";"https://www.asl.vt.it/consultori";"{""id"": ""ASC76-003"", ""nome"": ""Consultorio Bagnoregio – area psicologica"", ""ente_titolare"": ""ASL Viterbo"", ""comune_municipio"": ""Bagnoregio"", ""provincia"": ""VT"", ""destinatari"": ""Singoli, coppie e famiglie secondo i percorsi consultoriali"", ""finalita"": ""Ascolto e consulenza psicologica consultoriale; non CSM o pronto soccorso"", ""costo"": ""Gratuito secondo pagina ASL"", ""accesso"": ""Senza impegnativa; prenotazione e percorso da concordare con la sede"", ""telefono"": ""0761 1860437 (area psicologica)"", ""email"": ""Non documentata nella pagina"", ""indirizzo"": ""Via F.lli Agosti, Casa della Salute, Bagnoregio"", ""orari"": ""Lun–ven 08:30–13:30; mar e gio anche 14:30–17; apertura sede, non agenda individuale dello psicologo."", ""fonte"": ""https://www.asl.vt.it/consultori"", ""ultima_verifica"": ""2026-09-21"", ""stato"": ""Riesame documentale parziale; agenda da confermare"", ""fonti_v7_6"": [""VT-CONS""], ""ultima_verifica_v7_6"": ""2026-09-21"", ""conferma_diretta"": false}"
"centri_ascolto";"ASC76-004";"Consultorio Tuscania – area psicologica";"Tuscania";"VT";"";"Non documentato separatamente";"Riesame documentale parziale; agenda da confermare";"2026-09-21";"https://www.asl.vt.it/consultori";"{""id"": ""ASC76-004"", ""nome"": ""Consultorio Tuscania – area psicologica"", ""ente_titolare"": ""ASL Viterbo"", ""comune_municipio"": ""Tuscania"", ""provincia"": ""VT"", ""destinatari"": ""Singoli, coppie e famiglie secondo i percorsi consultoriali"", ""finalita"": ""Ascolto e consulenza psicologica consultoriale; non CSM o pronto soccorso"", ""costo"": ""Gratuito secondo pagina ASL"", ""accesso"": ""Senza impegnativa; prenotazione e percorso da concordare con la sede"", ""telefono"": ""0761 338810 (area psicologica)"", ""email"": ""Non documentata nella pagina"", ""indirizzo"": ""Piazza F. Basile 11, Tuscania"", ""orari"": ""Lun–ven 08:30–13:30; mar e gio anche 14:30–17; apertura sede, non agenda individuale dello psicologo."", ""fonte"": ""https://www.asl.vt.it/consultori"", ""ultima_verifica"": ""2026-09-21"", ""stato"": ""Riesame documentale parziale; agenda da confermare"", ""fonti_v7_6"": [""VT-CONS""], ""ultima_verifica_v7_6"": ""2026-09-21"", ""conferma_diretta"": false}"
"centri_ascolto";"ASC76-005";"Consultorio Ronciglione – area psicologica";"Ronciglione";"VT";"";"Non documentato separatamente";"Riesame documentale parziale; agenda da confermare";"2026-09-21";"https://www.asl.vt.it/consultori";"{""id"": ""ASC76-005"", ""nome"": ""Consultorio Ronciglione – area psicologica"", ""ente_titolare"": ""ASL Viterbo"", ""comune_municipio"": ""Ronciglione"", ""provincia"": ""VT"", ""destinatari"": ""Singoli, coppie e famiglie secondo i percorsi consultoriali"", ""finalita"": ""Ascolto e consulenza psicologica consultoriale; non CSM o pronto soccorso"", ""costo"": ""Gratuito secondo pagina ASL"", ""accesso"": ""Senza impegnativa; prenotazione e percorso da concordare con la sede"", ""telefono"": ""0761 651205 (area psicologica)"", ""email"": ""Non documentata nella pagina"", ""indirizzo"": ""Piazza Principe di Piemonte, residenza La Pace, Ronciglione"", ""orari"": ""Da confermare: formulazione ambigua per mattine; lun e mer 14:30–17 indicati; apertura sede, non agenda individuale dello psicologo."", ""fonte"": ""https://www.asl.vt.it/consultori"", ""ultima_verifica"": ""2026-09-21"", ""stato"": ""Riesame documentale parziale; agenda da confermare"", ""fonti_v7_6"": [""VT-CONS""], ""ultima_verifica_v7_6"": ""2026-09-21"", ""conferma_diretta"": false}"
"centri_ascolto";"ASC76-006";"Centro Antiviolenza Donna Lilith";"Latina";"LT";"";"Non documentato separatamente";"Elenco regionale senza annualità esplicita; recapiti e calendario da confermare";"2026-09-21";"https://progetti.regione.lazio.it/nonseisola/centri-antiviolenza-inseriti-nella-mappatura-della-regione-lazio/";"{""id"": ""ASC76-006"", ""nome"": ""Centro Antiviolenza Donna Lilith"", ""ente_titolare"": ""Rete regionale antiviolenza; titolarità/gestione specifica da confermare"", ""comune_municipio"": ""Latina"", ""provincia"": ""LT"", ""destinatari"": ""Donne che subiscono violenza"", ""finalita"": ""Accoglienza, ascolto e orientamento antiviolenza; non soccorso sanitario"", ""costo"": ""Non documentato nella pagina acquisita"", ""accesso"": ""Contatto con il centro per concordare accesso"", ""telefono"": ""0773 664165 / 347 7318149"", ""email"": ""info@centrodonnalilith.it"", ""indirizzo"": ""Via Farini 2, Latina"", ""orari"": ""Lun–gio 08:30–12:30 e 14:30–18:30; ven 08:30–12:30; sab/dom reperibilità telefonica, non apertura sede H24; validità corrente da confermare."", ""fonte"": ""https://progetti.regione.lazio.it/nonseisola/centri-antiviolenza-inseriti-nella-mappatura-della-regione-lazio/"", ""ultima_verifica"": ""2026-09-21"", ""stato"": ""Elenco regionale senza annualità esplicita; recapiti e calendario da confermare"", ""fonti_v7_6"": [""REG-CAV""], ""ultima_verifica_v7_6"": ""2026-09-21"", ""conferma_diretta"": false}"
"centri_ascolto";"ASC76-007";"Centro Antiviolenza Mai più ferite";"Frosinone";"FR";"";"Non documentato separatamente";"Elenco regionale senza annualità esplicita; recapiti e calendario da confermare";"2026-09-21";"https://progetti.regione.lazio.it/nonseisola/centri-antiviolenza-inseriti-nella-mappatura-della-regione-lazio/";"{""id"": ""ASC76-007"", ""nome"": ""Centro Antiviolenza Mai più ferite"", ""ente_titolare"": ""Rete regionale antiviolenza; titolarità/gestione specifica da confermare"", ""comune_municipio"": ""Frosinone"", ""provincia"": ""FR"", ""destinatari"": ""Donne che subiscono violenza"", ""finalita"": ""Accoglienza, ascolto e orientamento antiviolenza; non soccorso sanitario"", ""costo"": ""Non documentato nella pagina acquisita"", ""accesso"": ""Contatto con il centro per concordare accesso"", ""telefono"": ""800 479898 / 345 3920312"", ""email"": ""infomaipiuferite@libero.it"", ""indirizzo"": ""Corso della Repubblica 130, Frosinone"", ""orari"": ""Lun, mar, mer, ven 09–13; gio anche 15–18; sab/dom reperibilità telefonica; validità corrente da confermare."", ""fonte"": ""https://progetti.regione.lazio.it/nonseisola/centri-antiviolenza-inseriti-nella-mappatura-della-regione-lazio/"", ""ultima_verifica"": ""2026-09-21"", ""stato"": ""Elenco regionale senza annualità esplicita; recapiti e calendario da confermare"", ""fonti_v7_6"": [""REG-CAV""], ""ultima_verifica_v7_6"": ""2026-09-21"", ""conferma_diretta"": false}"
"centri_ascolto";"ASC76-008";"Centro Antiviolenza Il Nido di Ana";"Rieti";"RI";"";"Non documentato separatamente";"Elenco regionale senza annualità esplicita; recapiti e calendario da confermare";"2026-09-21";"https://progetti.regione.lazio.it/nonseisola/centri-antiviolenza-inseriti-nella-mappatura-della-regione-lazio/ | https://progetti.regione.lazio.it/nonseisola/mappa-centri-antiviolenza/";"{""id"": ""ASC76-008"", ""nome"": ""Centro Antiviolenza Il Nido di Ana"", ""ente_titolare"": ""Rete regionale antiviolenza; titolarità/gestione specifica da confermare"", ""comune_municipio"": ""Rieti"", ""provincia"": ""RI"", ""destinatari"": ""Donne che subiscono violenza"", ""finalita"": ""Accoglienza, ascolto e orientamento antiviolenza; non soccorso sanitario"", ""costo"": ""Non documentato nella pagina acquisita"", ""accesso"": ""Contatto con il centro per concordare accesso"", ""telefono"": ""0746 280512"", ""email"": ""Da confermare: ilnidodiana.odv@gmail.com nell’elenco; capitrieti@libero.it nella mappa"", ""indirizzo"": ""Piazza Vittorio Emanuele II 17, ingresso da confermare (B/d discordanti nelle pagine), Rieti"", ""orari"": ""Lun, mer, ven 10–12; mar e gio 16–18; validità corrente da confermare."", ""fonte"": ""https://progetti.regione.lazio.it/nonseisola/centri-antiviolenza-inseriti-nella-mappatura-della-regione-lazio/"", ""ultima_verifica"": ""2026-09-21"", ""stato"": ""Elenco regionale senza annualità esplicita; recapiti e calendario da confermare"", ""fonti_v7_6"": [""REG-CAV"", ""REG-CAVMAP""], ""ultima_verifica_v7_6"": ""2026-09-21"", ""conferma_diretta"": false}"
"centri_ascolto";"ASC76-009";"Centro Antiviolenza Penelope";"Viterbo";"VT";"";"Non documentato separatamente";"Elenco regionale senza annualità esplicita; recapiti e calendario da confermare";"2026-09-21";"https://progetti.regione.lazio.it/nonseisola/centri-antiviolenza-inseriti-nella-mappatura-della-regione-lazio/";"{""id"": ""ASC76-009"", ""nome"": ""Centro Antiviolenza Penelope"", ""ente_titolare"": ""Rete regionale antiviolenza; titolarità/gestione specifica da confermare"", ""comune_municipio"": ""Viterbo"", ""provincia"": ""VT"", ""destinatari"": ""Donne che subiscono violenza"", ""finalita"": ""Accoglienza, ascolto e orientamento antiviolenza; non soccorso sanitario"", ""costo"": ""Non documentato nella pagina acquisita"", ""accesso"": ""Contatto con il centro per concordare accesso"", ""telefono"": ""0761 1563229 / 392 6473807"", ""email"": ""centroantiviolenza.penelope@gmail.com"", ""indirizzo"": ""Via della Pettinara 4, Viterbo"", ""orari"": ""Lun, mer, ven 15–19; mar e gio 09–13; sab/dom reperibilità telefonica; validità corrente da confermare."", ""fonte"": ""https://progetti.regione.lazio.it/nonseisola/centri-antiviolenza-inseriti-nella-mappatura-della-regione-lazio/"", ""ultima_verifica"": ""2026-09-21"", ""stato"": ""Elenco regionale senza annualità esplicita; recapiti e calendario da confermare"", ""fonti_v7_6"": [""REG-CAV""], ""ultima_verifica_v7_6"": ""2026-09-21"", ""conferma_diretta"": false}"
"centri_ascolto";"ASC76-010";"Centro Antiviolenza Donne al centro";"Aprilia";"LT";"";"Non documentato separatamente";"Elenco regionale senza annualità esplicita; recapiti e calendario da confermare";"2026-09-21";"https://progetti.regione.lazio.it/nonseisola/centri-antiviolenza-inseriti-nella-mappatura-della-regione-lazio/";"{""id"": ""ASC76-010"", ""nome"": ""Centro Antiviolenza Donne al centro"", ""ente_titolare"": ""Rete regionale antiviolenza; titolarità/gestione specifica da confermare"", ""comune_municipio"": ""Aprilia"", ""provincia"": ""LT"", ""destinatari"": ""Donne che subiscono violenza"", ""finalita"": ""Accoglienza, ascolto e orientamento antiviolenza; non soccorso sanitario"", ""costo"": ""Non documentato nella pagina acquisita"", ""accesso"": ""Contatto con il centro per concordare accesso"", ""telefono"": ""328 7774577"", ""email"": ""cavdonnealcentroaprilia@gmail.com"", ""indirizzo"": ""Via Pontina km 46.600, presso Culturaprilia, Aprilia"", ""orari"": ""Lun, mer, ven 09–12; mar e gio 15–18; sab/dom reperibilità telefonica; validità corrente da confermare."", ""fonte"": ""https://progetti.regione.lazio.it/nonseisola/centri-antiviolenza-inseriti-nella-mappatura-della-regione-lazio/"", ""ultima_verifica"": ""2026-09-21"", ""stato"": ""Elenco regionale senza annualità esplicita; recapiti e calendario da confermare"", ""fonti_v7_6"": [""REG-CAV""], ""ultima_verifica_v7_6"": ""2026-09-21"", ""conferma_diretta"": false}"
"universita";"UNI76-001";"S.A.C.S. – Sportello di Ascolto e Consulenza per Studenti";"Piazza Lauro de Bosis 15, Palazzo H, terzo piano, stanza D506, Roma";"";"S.A.C.S. – Sportello di Ascolto e Consulenza per Studenti";"Servizio istituzionale descritto; calendario/slot 2026 da confermare";"Riscontro da pagina indicizzata ufficiale; dettagli operativi da riconfermare";"2026-09-21";"https://www.uniroma4.it/index.php/come-fare-per/usufruire-dello-sportello-di-ascolto/";"{""id"": ""UNI76-001"", ""universita"": ""Università degli Studi di Roma Foro Italico"", ""servizio"": ""S.A.C.S. – Sportello di Ascolto e Consulenza per Studenti"", ""tipologia"": ""Ascolto e consulenza psicologica breve"", ""destinatari"": ""Studenti e studentesse"", ""utenza"": ""studenti"", ""gratuita_costo"": ""Gratuito secondo la pagina dedicata"", ""limite_incontri"": ""1–5 incontri individuali di circa 60 minuti; possibile follow-up a 4–6 mesi"", ""modalita"": ""Presenza o Teams secondo pagina dedicata"", ""sede"": ""Piazza Lauro de Bosis 15, Palazzo H, terzo piano, stanza D506, Roma"", ""telefono"": ""Non documentato per prenotazione clinica"", ""email"": ""sabrina.pitzalis@uniroma4.it"", ""prenotazione"": ""Email alla responsabile per studenti; modalità del canale personale da confermare"", ""criteri_accesso"": ""Appartenenza alla comunità di Ateneo, secondo il canale"", ""periodo_validita"": ""Servizio istituzionale descritto; calendario/slot 2026 da confermare"", ""fonte_ufficiale"": ""https://www.uniroma4.it/index.php/come-fare-per/usufruire-dello-sportello-di-ascolto/"", ""ultima_verifica"": ""2026-09-21"", ""stato_verifica"": ""Riscontro da pagina indicizzata ufficiale; dettagli operativi da riconfermare"", ""fonti_v7_6"": [""UNI-FORO""], ""ultima_verifica_v7_6"": ""2026-09-21"", ""conferma_diretta"": false}"
"universita";"UNI76-002";"Sportello di Ascolto per il personale";"Palazzo H, stanza D507, terzo piano, Roma";"";"Sportello di Ascolto per il personale";"Servizio istituzionale descritto; calendario/slot 2026 da confermare";"Riscontro da pagina indicizzata ufficiale; dettagli operativi da riconfermare";"2026-09-21";"https://www.uniroma4.it/index.php/come-fare-per/usufruire-dello-sportello-di-ascolto/ | https://www.uniroma4.it/index.php/avvisi/benessere-personale-e-nato-un-nuovo-spazio-di-ascolto-in-ateneo/";"{""id"": ""UNI76-002"", ""universita"": ""Università degli Studi di Roma Foro Italico"", ""servizio"": ""Sportello di Ascolto per il personale"", ""tipologia"": ""Ascolto e consulenza psicologica breve"", ""destinatari"": ""Personale docente, ricercatore, tecnico, amministrativo, bibliotecario e dirigenziale"", ""utenza"": ""docenti; personale"", ""gratuita_costo"": ""Gratuito secondo la pagina dedicata"", ""limite_incontri"": ""1–5 incontri individuali di circa 60 minuti; possibile follow-up a 4–6 mesi"", ""modalita"": ""Presenza o Teams secondo pagina dedicata"", ""sede"": ""Palazzo H, stanza D507, terzo piano, Roma"", ""telefono"": ""Non documentato per prenotazione clinica"", ""email"": ""Non documentata nella fonte acquisita"", ""prenotazione"": ""Email alla responsabile per studenti; modalità del canale personale da confermare"", ""criteri_accesso"": ""Appartenenza alla comunità di Ateneo, secondo il canale"", ""periodo_validita"": ""Servizio istituzionale descritto; calendario/slot 2026 da confermare"", ""fonte_ufficiale"": ""https://www.uniroma4.it/index.php/come-fare-per/usufruire-dello-sportello-di-ascolto/"", ""ultima_verifica"": ""2026-09-21"", ""stato_verifica"": ""Riscontro da pagina indicizzata ufficiale; dettagli operativi da riconfermare"", ""fonti_v7_6"": [""UNI-FORO"", ""UNI-FOROPERS""], ""ultima_verifica_v7_6"": ""2026-09-21"", ""conferma_diretta"": false}"
"helpline";"HELP76-001";"Dianova – numero verde dipendenze";"";"";"Dipendenze / alcol";"Non documentato separatamente";"Pagina del gestore consultata; chiamata non effettuata";"2026-09-21";"https://www.dianova.it/numero-verde-droga/";"{""id"": ""HELP76-001"", ""nome"": ""Dianova – numero verde dipendenze"", ""ente"": ""Dianova Cooperativa Sociale"", ""natura"": ""Terzo settore"", ""categoria"": ""Dipendenze / alcol"", ""numero"": ""800 012729"", ""costo_chiamata"": ""Gratuita secondo il gestore"", ""costo_servizio"": ""Orientamento telefonico gratuito"", ""orari"": ""Lun–ven 09–17"", ""destinatari"": ""Persone con problemi di droghe o alcol e persone che chiedono orientamento."", ""funzione"": ""Informazioni sulle dipendenze, orientamento ai servizi pubblici e ai programmi Dianova."", ""cosa_non_e"": ""Non è un numero di emergenza, una diagnosi telefonica o una garanzia di posto in comunità."", ""sito_ufficiale"": ""https://www.dianova.it/numero-verde-droga/"", ""ultima_verifica"": ""2026-09-21"", ""stato_verifica"": ""Pagina del gestore consultata; chiamata non effettuata"", ""fonti_v7_6"": [""DIAN-NUM""], ""ultima_verifica_v7_6"": ""2026-09-21"", ""conferma_diretta"": false}"
