id;nome;asl;tipo;comune;indirizzo;telefono;email;servizi;attribuzione_servizi;accesso;orari;fonte;gestione;verifica;ultima_verifica;note;origine_dato_v7;stato_riesame_v7;nota_temporale_v7;titolarita_v6;esito_v6;fonte_v6;livello_prova_v6;note_v6;origine_record_v7_2;stato_verifica_v7_2;fonte_verifica_v7_2;data_verifica_v7_2;note_v7_2
NET-026;Centro Diurno Brisse;R3;Centro diurno;Roma;Via Alessandro Brisse, 20;06 56484603;;Programmi socio-riabilitativi individualizzati, autonomie e inclusione socio-lavorativa;Dato rete estesa V4;Su invio CSM e progetto riabilitativo;Lun-ven 08:00-15:00;https://www.aslroma3.it/dipartimenti/dipartimento-di-salute-mentale/uoc-salute-mentale-distretto-sanitario-municipio-xi/;Pubblica: centro diurno della UOC Salute Mentale ASL Roma 3;Ricontrollata nella V7.2;2026-09-20;"Inserimento tramite progetto del CSM; non elenco di comunità private convenzionate.";Rete_ASL_V6;Stato da leggere nella colonna 'verifica';Nessuna nuova verifica esterna effettuata nella V7 strutturale.;;;;;;Rete ASL V7.1;Confermata su pagina ASL corrente;https://www.aslroma3.it/dipartimenti/dipartimento-di-salute-mentale/uoc-salute-mentale-distretto-sanitario-municipio-xi/;2026-09-20;
NET-027;Centro Diurno Mazzacurati;R3;Centro diurno;Roma;Via Marino Mazzacurati, 23;06 56485707;;Programmi socio-riabilitativi individualizzati, autonomie e inclusione socio-lavorativa;Dato rete estesa V4;Su invio CSM e progetto riabilitativo;"Lun/mer/gio/ven 08:00-15:00; mar 08:00-18:00";https://www.aslroma3.it/dipartimenti/dipartimento-di-salute-mentale/uoc-salute-mentale-distretto-sanitario-municipio-xi/;Pubblica: centro diurno della UOC Salute Mentale ASL Roma 3;Ricontrollata nella V7.2;2026-09-20;"Inserimento tramite progetto del CSM; non elenco di comunità private convenzionate.";Rete_ASL_V6;Stato da leggere nella colonna 'verifica';Nessuna nuova verifica esterna effettuata nella V7 strutturale.;;;;;;Rete ASL V7.1;Confermata nella rete DSM corrente;https://www.aslroma3.it/dipartimenti/dipartimento-di-salute-mentale/uoc-salute-mentale-xi-e-xii-municipio/;2026-09-20;
NET-028;Centro Diurno Tagaste;R3;Centro diurno;Roma;Via Tagaste, 6;06 56483301;;Programmi socio-riabilitativi individualizzati, autonomie e inclusione socio-lavorativa;Dato rete estesa V4;Su invio CSM e progetto riabilitativo;"Lun/mer 08:00-18:00; mar/gio 08:00-19:30; ven 08:00-15:00";https://www.aslroma3.it/dipartimenti/dipartimento-di-salute-mentale/uoc-salute-mentale-distretto-sanitario-municipio-x/;Pubblica: centro diurno della UOC Salute Mentale ASL Roma 3;Ricontrollata nella V7.2;2026-09-20;"Inserimento tramite progetto del CSM; non elenco di comunità private convenzionate.";Rete_ASL_V6;Stato da leggere nella colonna 'verifica';Nessuna nuova verifica esterna effettuata nella V7 strutturale.;;;;;;Rete ASL V7.1;Confermata nella rete DSM corrente;https://www.aslroma3.it/dipartimenti/dipartimento-di-salute-mentale/uoc-salute-mentale-municipio-x-e-comune-di-fiumicino/;2026-09-20;
NET-029;Centro Diurno Acilia;R3;Centro diurno;Roma;Via del Poggio di Acilia, 62;06 56483592;;Programmi socio-riabilitativi individualizzati, autonomie e inclusione socio-lavorativa;Dato rete estesa V4;Su invio CSM e progetto riabilitativo;"Lun/mer 08:00-16:00; mar 08:00-19:30; gio 08:00-14:00; ven 08:00-18:00";https://www.aslroma3.it/dipartimenti/dipartimento-di-salute-mentale/uoc-salute-mentale-distretto-sanitario-municipio-x/;Pubblica: centro diurno della UOC Salute Mentale ASL Roma 3;Ricontrollata nella V7.2;2026-09-20;"Inserimento tramite progetto del CSM; non elenco di comunità private convenzionate.";Rete_ASL_V6;Stato da leggere nella colonna 'verifica';Nessuna nuova verifica esterna effettuata nella V7 strutturale.;;;;;;Rete ASL V7.1;Confermata nella rete DSM corrente;https://www.aslroma3.it/dipartimenti/dipartimento-di-salute-mentale/uoc-salute-mentale-municipio-x-e-comune-di-fiumicino/;2026-09-20;
NET-030;Centro Diurno Monteverde;R3;Centro diurno;Roma;Via Crescenzo dal Monte, 13;06 56486501 / 6505;;Programmi socio-riabilitativi individualizzati, autonomie e inclusione socio-lavorativa;Dato rete estesa V4;Su invio CSM e progetto riabilitativo;Lun-ven 08:00-18:00;https://www.aslroma3.it/dipartimenti/dipartimento-di-salute-mentale/uoc-salute-mentale-distretto-sanitario-municipio-xii/;Pubblica: centro diurno della UOC Salute Mentale ASL Roma 3;Ricontrollata nella V7.2;2026-09-20;"Inserimento tramite progetto del CSM; non elenco di comunità private convenzionate.";Rete_ASL_V6;Stato da leggere nella colonna 'verifica';Nessuna nuova verifica esterna effettuata nella V7 strutturale.;;;;;;Rete ASL V7.1;Confermata nella rete DSM corrente;https://www.aslroma3.it/dipartimenti/dipartimento-di-salute-mentale/uoc-salute-mentale-xi-e-xii-municipio/;2026-09-20;
NET-031;Centro Diurno Cantiere 24;R3;Centro diurno;Roma;Via Arturo Colautti, 28;06 56486461;;Programmi socio-riabilitativi individualizzati, autonomie e inclusione socio-lavorativa;Dato rete estesa V4;Su invio CSM e progetto riabilitativo;Lun-ven 08:00-18:00;https://www.aslroma3.it/dipartimenti/dipartimento-di-salute-mentale/uoc-salute-mentale-distretto-sanitario-municipio-xii/;Pubblica: centro diurno della UOC Salute Mentale ASL Roma 3;Ricontrollata nella V7.2;2026-09-20;"Inserimento tramite progetto del CSM; non elenco di comunità private convenzionate.";Rete_ASL_V6;Stato da leggere nella colonna 'verifica';Nessuna nuova verifica esterna effettuata nella V7 strutturale.;;;;;;Rete ASL V7.1;Confermata nella rete DSM corrente;https://www.aslroma3.it/dipartimenti/dipartimento-di-salute-mentale/uoc-salute-mentale-municipio-x-e-comune-di-fiumicino/;2026-09-20;
NET-034;Centro Diurno Riabilitativo Distretto 1;R4;Centro diurno;Civitavecchia;Via Toscana, 25;06 96669748 / 0766 22727;;Riabilitazione psicosociale e inclusione;Dato rete estesa V4;Su progetto terapeutico DSM;"Lun-ven 08:00-20:00; sab 08:00-14:00";https://www.aslroma4.it/azienda/dipartimenti/dipartimento-di-salute-mentale;Pubblica: articolazione DSM / UOSD residenziale e semiresidenziale ASL Roma 4;Ricontrollata nella V7.2;2026-09-20;Distinta dalle comunità convenzionate esterne. L’afferenza ASL non attesta che tutto il personale sia dipendente diretto.;Rete_ASL_V6;Stato da leggere nella colonna 'verifica';Nessuna nuova verifica esterna effettuata nella V7 strutturale.;;;;;;Rete ASL V7.1;Confermata su pagina ASL corrente;https://www.aslroma4.it/strutture-sanitarie/strutture-di-salute-mentale;2026-09-20;
NET-035;Centro Diurno Riabilitativo Distretto 2;R4;Centro diurno;Ladispoli;Viale Mediterraneo, 35;06 96669985/6;;Riabilitazione psicosociale e inclusione;Dato rete estesa V4;Su progetto terapeutico DSM;"Lun/ven 08:00-14:00; mar-mer-gio 08:00-17:30";https://www.aslroma4.it/azienda/dipartimenti/dipartimento-di-salute-mentale;Pubblica: articolazione DSM / UOSD residenziale e semiresidenziale ASL Roma 4;Ricontrollata nella V7.2;2026-09-20;Distinta dalle comunità convenzionate esterne. L’afferenza ASL non attesta che tutto il personale sia dipendente diretto.;Rete_ASL_V6;Stato da leggere nella colonna 'verifica';Nessuna nuova verifica esterna effettuata nella V7 strutturale.;;;;;;Rete ASL V7.1;Confermata su pagina ASL corrente;https://www.aslroma4.it/strutture-sanitarie/strutture-di-salute-mentale;2026-09-20;
NET-036;Centro Diurno Riabilitativo Distretto 3;R4;Centro diurno;Bracciano;Via Trento, 18;06 96669211 / 209 / 212;;Riabilitazione psicosociale e inclusione;Dato rete estesa V4;Su progetto terapeutico DSM;"Lun-gio 08:00-17:30; ven 08:00-14:00";https://www.aslroma4.it/azienda/dipartimenti/dipartimento-di-salute-mentale;Pubblica: articolazione DSM / UOSD residenziale e semiresidenziale ASL Roma 4;Ricontrollata nella V7.2;2026-09-20;Distinta dalle comunità convenzionate esterne. L’afferenza ASL non attesta che tutto il personale sia dipendente diretto.;Rete_ASL_V6;Stato da leggere nella colonna 'verifica';Nessuna nuova verifica esterna effettuata nella V7 strutturale.;;;;;;Rete ASL V7.1;Confermata su pagina ASL corrente;https://www.aslroma4.it/strutture-sanitarie/strutture-di-salute-mentale;2026-09-20;
NET-037;Centro Diurno Riabilitativo Distretto 4;R4;Centro diurno;Campagnano di Roma;Via B. Lesen, 9-11;06 96669248;;Riabilitazione psicosociale e inclusione;Dato rete estesa V4;Su progetto terapeutico DSM;"Lun/gio 08:00-17:30; mar/mer/ven 08:00-14:00";https://www.aslroma4.it/azienda/dipartimenti/dipartimento-di-salute-mentale;Pubblica: articolazione DSM / UOSD residenziale e semiresidenziale ASL Roma 4;Ricontrollata nella V7.2;2026-09-20;Distinta dalle comunità convenzionate esterne. L’afferenza ASL non attesta che tutto il personale sia dipendente diretto.;Rete_ASL_V6;Stato da leggere nella colonna 'verifica';Nessuna nuova verifica esterna effettuata nella V7 strutturale.;;;;;;Rete ASL V7.1;Confermata su pagina ASL corrente;https://www.aslroma4.it/strutture-sanitarie/strutture-di-salute-mentale;2026-09-20;
NET-038;SRTRe Il Melograno;R4;Residenziale;Bracciano;;;;Trattamento residenziale terapeutico-riabilitativo estensivo;Dato rete estesa V4;Su invio/progetto DSM;;https://www.aslroma4.it/azienda/dipartimenti/dipartimento-di-salute-mentale;Pubblica: articolazione DSM / UOSD residenziale e semiresidenziale ASL Roma 4;Ricontrollata nella V7.2;2026-09-20;Distinta dalle comunità convenzionate esterne. L’afferenza ASL non attesta che tutto il personale sia dipendente diretto.;Rete_ASL_V6;Stato da leggere nella colonna 'verifica';Nessuna nuova verifica esterna effettuata nella V7 strutturale.;;;;;;Rete ASL V7.1;Confermata su pagina ASL corrente;https://www.aslroma4.it/strutture-sanitarie/strutture-di-salute-mentale;2026-09-20;
NET-010;Centro Diurno Forte Antenne;ASL Roma 1;Centro diurno;Roma;Via del Forte Antenne;;;Riabilitazione psicosociale / residenzialità secondo progetto terapeutico;Dato rete estesa V4;Su progetto/invio servizi territoriali;;https://www.aslroma1.it/presidi-territoriali/Distretto%202/lista_presidi;Titolarità non ancora consolidata;Revisione titolarità richiesta;2026-09-20;La presenza in una pagina ASL non prova gestione diretta della struttura.;;;;Pubblica / struttura aziendale ASL;Risolta;https://www.aslroma1.it/;"Fonte istituzionale ASL/Regione; collocazione nell'organizzazione aziendale";"Pagine ASL e contatti aziendali; Forte Antenne ha anche indicazione esplicita di gestione diretta ASL.";Pubblica ricontrollata V7.1;Già ricontrollata prima della V7.2;https://www.aslroma1.it/presidi-territoriali/Distretto%202/lista_presidi;2026-09-20;
NET-011;Centro Diurno Boemondo;ASL Roma 1;Centro diurno;Roma;Via Boemondo, 21;;;Riabilitazione psicosociale / residenzialità secondo progetto terapeutico;Dato rete estesa V4;Su progetto/invio servizi territoriali;;https://www.aslroma1.it/presidi-territoriali/Distretto%202/lista_presidi;Titolarità non ancora consolidata;Revisione titolarità richiesta;2026-09-20;La presenza in una pagina ASL non prova gestione diretta della struttura.;;;;Pubblica / struttura aziendale ASL;Risolta;https://www.aslroma1.it/;"Fonte istituzionale ASL/Regione; collocazione nell'organizzazione aziendale";"Pagine ASL e contatti aziendali; Forte Antenne ha anche indicazione esplicita di gestione diretta ASL.";Pubblica ricontrollata V7.1;Già ricontrollata prima della V7.2;https://www.aslroma1.it/presidi-territoriali/Distretto%202/lista_presidi;2026-09-20;
NET-012;Centro Diurno Gasparri;ASL Roma 1;Centro diurno;Roma;Via Pietro Gasparri, 23;;;Riabilitazione psicosociale / residenzialità secondo progetto terapeutico;Dato rete estesa V4;Su progetto/invio servizi territoriali;;https://www.aslroma1.it/presidi-territoriali/Distretto%2014/lista_presidi;Titolarità non ancora consolidata;Revisione titolarità richiesta;2026-09-20;La presenza in una pagina ASL non prova gestione diretta della struttura.;;;;Pubblica / struttura aziendale ASL;Risolta;https://www.aslroma1.it/;"Fonte istituzionale ASL/Regione; collocazione nell'organizzazione aziendale";"Pagine ASL e contatti aziendali; Forte Antenne ha anche indicazione esplicita di gestione diretta ASL.";Pubblica ricontrollata V7.1;Già ricontrollata prima della V7.2;https://www.aslroma1.it/presidi-territoriali/Distretto%2014/lista_presidi;2026-09-20;
NET-013;Centro Diurno Borromeo;ASL Roma 1;Centro diurno;Roma;Via Federico Borromeo, 67;;;Riabilitazione psicosociale / residenzialità secondo progetto terapeutico;Dato rete estesa V4;Su progetto/invio servizi territoriali;;https://www.aslroma1.it/presidi-territoriali/Distretto%2014/lista_presidi;Titolarità non ancora consolidata;Revisione titolarità richiesta;2026-09-20;La presenza in una pagina ASL non prova gestione diretta della struttura.;;;;Pubblica / struttura aziendale ASL;Risolta;https://www.aslroma1.it/;"Fonte istituzionale ASL/Regione; collocazione nell'organizzazione aziendale";"Pagine ASL e contatti aziendali; Forte Antenne ha anche indicazione esplicita di gestione diretta ASL.";Pubblica ricontrollata V7.1;Già ricontrollata prima della V7.2;https://www.aslroma1.it/presidi-territoriali/Distretto%2014/lista_presidi;2026-09-20;
NET-014;SRTRe Sabrata;ASL Roma 1;Residenziale;Roma;Via Sabrata, 12;;;Riabilitazione psicosociale / residenzialità secondo progetto terapeutico;Dato rete estesa V4;Su progetto/invio servizi territoriali;;https://www.aslroma1.it/presidi-territoriali/Distretto%202/lista_presidi;Titolarità non ancora consolidata;Revisione titolarità richiesta;2026-09-20;La presenza in una pagina ASL non prova gestione diretta della struttura.;;;;Pubblica / struttura aziendale ASL;Risolta;https://www.aslroma1.it/;"Fonte istituzionale ASL/Regione; collocazione nell'organizzazione aziendale";"Pagine ASL e contatti aziendali; Forte Antenne ha anche indicazione esplicita di gestione diretta ASL.";Pubblica ricontrollata V7.1;Già ricontrollata prima della V7.2;https://www.aslroma1.it/presidi-territoriali/Distretto%202/lista_presidi;2026-09-20;
NET-015;SRSR Nomentana;ASL Roma 1;Residenziale;Roma;Via Nomentana, 54;;;Riabilitazione psicosociale / residenzialità secondo progetto terapeutico;Dato rete estesa V4;Su progetto/invio servizi territoriali;;https://www.aslroma1.it/presidi-territoriali/Distretto%202/lista_presidi;Titolarità non ancora consolidata;Revisione titolarità richiesta;2026-09-20;La presenza in una pagina ASL non prova gestione diretta della struttura.;;;;Pubblica / struttura aziendale ASL;Risolta;https://www.aslroma1.it/;"Fonte istituzionale ASL/Regione; collocazione nell'organizzazione aziendale";"Pagine ASL e contatti aziendali; Forte Antenne ha anche indicazione esplicita di gestione diretta ASL.";Pubblica ricontrollata V7.1;Già ricontrollata prima della V7.2;https://www.aslroma1.it/presidi-territoriali/Distretto%202/lista_presidi;2026-09-20;
NET-016;SRTRe Casal Piombino PIPSM;ASL Roma 1;Residenziale;Roma;Via del Casale Piombino, 30;;;Riabilitazione psicosociale / residenzialità secondo progetto terapeutico;Dato rete estesa V4;Su progetto/invio servizi territoriali;;https://www.aslroma1.it/presidi-territoriali/Distretto%2014/lista_presidi;Titolarità non ancora consolidata;Revisione titolarità richiesta;2026-09-20;La presenza in una pagina ASL non prova gestione diretta della struttura.;;;;Pubblica / struttura aziendale ASL;Risolta;https://www.aslroma1.it/;"Fonte istituzionale ASL/Regione; collocazione nell'organizzazione aziendale";"Pagine ASL e contatti aziendali; Forte Antenne ha anche indicazione esplicita di gestione diretta ASL.";Pubblica ricontrollata V7.1;Già ricontrollata prima della V7.2;https://www.aslroma1.it/presidi-territoriali/Distretto%2014/lista_presidi;2026-09-20;
NET-043;Centro Diurno Guidonia;ASL Roma 5;Centro diurno;Guidonia Montecelio;;;;Riabilitazione psicosociale / semiresidenziale;Dato rete estesa V4;Collegato alle UOC CSM territoriali;;https://www.aslroma5.it/amministrazione-trasparente/organigramma-dipartimento-di-prevenzione-e-dsmdp-2025/;Titolarità non ancora consolidata;Revisione titolarità richiesta;2026-09-20;La presenza in una pagina ASL non prova gestione diretta della struttura.;;;;Pubblica / struttura aziendale ASL;Risolta;https://www.aslroma5.it/amministrazione-trasparente/organigramma-dipartimento-di-prevenzione-e-dsmdp-2025/;"Fonte istituzionale ASL/Regione; collocazione nell'organizzazione aziendale";Non confondere con privata accreditata/convenzionata: resta nella rete pubblica.;Pubblica ricontrollata V7.1;Già ricontrollata prima della V7.2;https://www.aslroma5.it/amministrazione-trasparente/organigramma-dipartimento-di-prevenzione-e-dsmdp-2025/;2026-09-20;
NET-044;Centro Diurno Monterotondo;ASL Roma 5;Centro diurno;Monterotondo;;;;Riabilitazione psicosociale / semiresidenziale;Dato rete estesa V4;Collegato alle UOC CSM territoriali;;https://www.aslroma5.it/amministrazione-trasparente/organigramma-dipartimento-di-prevenzione-e-dsmdp-2025/;Titolarità non ancora consolidata;Revisione titolarità richiesta;2026-09-20;La presenza in una pagina ASL non prova gestione diretta della struttura.;;;;Pubblica / struttura aziendale ASL;Risolta;https://www.aslroma5.it/amministrazione-trasparente/organigramma-dipartimento-di-prevenzione-e-dsmdp-2025/;"Fonte istituzionale ASL/Regione; collocazione nell'organizzazione aziendale";Non confondere con privata accreditata/convenzionata: resta nella rete pubblica.;Pubblica ricontrollata V7.1;Già ricontrollata prima della V7.2;https://www.aslroma5.it/amministrazione-trasparente/organigramma-dipartimento-di-prevenzione-e-dsmdp-2025/;2026-09-20;
NET-045;Centro Diurno Tivoli;ASL Roma 5;Centro diurno;Tivoli;;;;Riabilitazione psicosociale / semiresidenziale;Dato rete estesa V4;Collegato alle UOC CSM territoriali;;https://www.aslroma5.it/amministrazione-trasparente/organigramma-dipartimento-di-prevenzione-e-dsmdp-2025/;Titolarità non ancora consolidata;Revisione titolarità richiesta;2026-09-20;La presenza in una pagina ASL non prova gestione diretta della struttura.;;;;Pubblica / struttura aziendale ASL;Risolta;https://www.aslroma5.it/amministrazione-trasparente/organigramma-dipartimento-di-prevenzione-e-dsmdp-2025/;"Fonte istituzionale ASL/Regione; collocazione nell'organizzazione aziendale";Non confondere con privata accreditata/convenzionata: resta nella rete pubblica.;Pubblica ricontrollata V7.1;Già ricontrollata prima della V7.2;https://www.aslroma5.it/amministrazione-trasparente/organigramma-dipartimento-di-prevenzione-e-dsmdp-2025/;2026-09-20;
NET-046;Centro Diurno Subiaco;ASL Roma 5;Centro diurno;Subiaco;;;;Riabilitazione psicosociale / semiresidenziale;Dato rete estesa V4;Collegato alle UOC CSM territoriali;;https://www.aslroma5.it/amministrazione-trasparente/organigramma-dipartimento-di-prevenzione-e-dsmdp-2025/;Titolarità non ancora consolidata;Revisione titolarità richiesta;2026-09-20;La presenza in una pagina ASL non prova gestione diretta della struttura.;;;;Pubblica / struttura aziendale ASL;Risolta;https://www.aslroma5.it/amministrazione-trasparente/organigramma-dipartimento-di-prevenzione-e-dsmdp-2025/;"Fonte istituzionale ASL/Regione; collocazione nell'organizzazione aziendale";Non confondere con privata accreditata/convenzionata: resta nella rete pubblica.;Pubblica ricontrollata V7.1;Già ricontrollata prima della V7.2;https://www.aslroma5.it/amministrazione-trasparente/organigramma-dipartimento-di-prevenzione-e-dsmdp-2025/;2026-09-20;
NET-047;Centro Diurno Palestrina;ASL Roma 5;Centro diurno;Palestrina;;;;Riabilitazione psicosociale / semiresidenziale;Dato rete estesa V4;Collegato alle UOC CSM territoriali;;https://www.aslroma5.it/amministrazione-trasparente/organigramma-dipartimento-di-prevenzione-e-dsmdp-2025/;Titolarità non ancora consolidata;Revisione titolarità richiesta;2026-09-20;La presenza in una pagina ASL non prova gestione diretta della struttura.;;;;Pubblica / struttura aziendale ASL;Risolta;https://www.aslroma5.it/amministrazione-trasparente/organigramma-dipartimento-di-prevenzione-e-dsmdp-2025/;"Fonte istituzionale ASL/Regione; collocazione nell'organizzazione aziendale";Non confondere con privata accreditata/convenzionata: resta nella rete pubblica.;Pubblica ricontrollata V7.1;Già ricontrollata prima della V7.2;https://www.aslroma5.it/amministrazione-trasparente/organigramma-dipartimento-di-prevenzione-e-dsmdp-2025/;2026-09-20;
NET-048;Centro Diurno Colleferro;ASL Roma 5;Centro diurno;Colleferro;;;;Riabilitazione psicosociale / semiresidenziale;Dato rete estesa V4;Collegato alle UOC CSM territoriali;;https://www.aslroma5.it/amministrazione-trasparente/organigramma-dipartimento-di-prevenzione-e-dsmdp-2025/;Titolarità non ancora consolidata;Revisione titolarità richiesta;2026-09-20;La presenza in una pagina ASL non prova gestione diretta della struttura.;;;;Pubblica / struttura aziendale ASL;Risolta;https://www.aslroma5.it/amministrazione-trasparente/organigramma-dipartimento-di-prevenzione-e-dsmdp-2025/;"Fonte istituzionale ASL/Regione; collocazione nell'organizzazione aziendale";Non confondere con privata accreditata/convenzionata: resta nella rete pubblica.;Pubblica ricontrollata V7.1;Già ricontrollata prima della V7.2;https://www.aslroma5.it/amministrazione-trasparente/organigramma-dipartimento-di-prevenzione-e-dsmdp-2025/;2026-09-20;
NET-056;Centro Diurno Pomezia;ASL Roma 6;Centro diurno;Pomezia;Casa della Comunità HUB Pomezia;;;Attività terapeutico-riabilitative integrate con il CSM;Dato rete estesa V4;;;https://www.regione.lazio.it/notizie/sanita-inaugurata-la-casa-della-comunita-di-pomezia;Titolarità non ancora consolidata;Revisione titolarità richiesta;2026-09-20;La presenza in una pagina ASL non prova gestione diretta della struttura.;;;;Pubblica / struttura aziendale ASL;Risolta;https://www.regione.lazio.it/notizie/sanita-inaugurata-la-casa-della-comunita-di-pomezia;"Fonte istituzionale ASL/Regione; collocazione nell'organizzazione aziendale";Regione Lazio descrive il Centro Diurno Pomezia nella Casa della Comunità HUB della ASL Roma 6.;Pubblica ricontrollata V7.1;Già ricontrollata prima della V7.2;https://www.regione.lazio.it/notizie/sanita-inaugurata-la-casa-della-comunita-di-pomezia;2026-09-20;
NET-063;Centro Diurno Rieti;ASL Rieti;Centro diurno;Rieti;Via Tavola d'Argento, 19;0746 278579;;Attività socio-riabilitative, socio-terapeutiche ed espressive;Dato rete estesa V4;Su progetto personalizzato / invio rete salute mentale;"Lun/mer 08:00-17:00; mar/gio/ven 08:00-14:00";https://www.asl.rieti.it/organizzazione-aziendale/dipartimenti/dipartimento-promozione-e-tutela-della-salute-mentale/uosd-csm/csm-distretto-1;Titolarità non ancora consolidata;Revisione titolarità richiesta;2026-09-20;La presenza in una pagina ASL non prova gestione diretta della struttura.;;;;Pubblica / struttura aziendale ASL;Risolta;https://www.asl.rieti.it/organizzazione-aziendale/dipartimenti/dipartimento-di-salute-mentale-e-delle-dipendenze-patologiche;"Fonte istituzionale ASL/Regione; collocazione nell'organizzazione aziendale";Non confondere con privata accreditata/convenzionata: resta nella rete pubblica.;Pubblica ricontrollata V7.1;Già ricontrollata prima della V7.2;https://www.asl.rieti.it/organizzazione-aziendale/dipartimenti/dipartimento-promozione-e-tutela-della-salute-mentale/uosd-csm/csm-distretto-1;2026-09-20;
NET-064;Centro Diurno Cicolano;ASL Rieti;Centro diurno;Fiamignano;Via Don Agostino Gismondi, 2;0746 54801;;Attività socio-riabilitative, socio-terapeutiche ed espressive;Dato rete estesa V4;Su progetto personalizzato / invio rete salute mentale;Lun/mer/ven 08:00-17:30;https://www.asl.rieti.it/organizzazione-aziendale/dipartimenti/dipartimento-promozione-e-tutela-della-salute-mentale/uosd-csm/csm-distretto-1;Titolarità non ancora consolidata;Revisione titolarità richiesta;2026-09-20;La presenza in una pagina ASL non prova gestione diretta della struttura.;;;;Pubblica / struttura aziendale ASL;Risolta;https://www.asl.rieti.it/organizzazione-aziendale/dipartimenti/dipartimento-di-salute-mentale-e-delle-dipendenze-patologiche;"Fonte istituzionale ASL/Regione; collocazione nell'organizzazione aziendale";Non confondere con privata accreditata/convenzionata: resta nella rete pubblica.;Pubblica ricontrollata V7.1;Già ricontrollata prima della V7.2;https://www.asl.rieti.it/organizzazione-aziendale/dipartimenti/dipartimento-promozione-e-tutela-della-salute-mentale/uosd-csm/csm-distretto-1;2026-09-20;
NET-067;Centro Diurno Montefiascone;ASL Viterbo;Centro diurno;Montefiascone;Via Donatori di Sangue, 1-2;0761 1860406 / 407;;Attività terapeutico-riabilitative e abilità socio-relazionali;Dato rete estesa V4;Su invio CSM e progetto riabilitativo;;https://asl.vt.it/centro-diurno-dsm;Titolarità non ancora consolidata;Revisione titolarità richiesta;2026-09-20;La presenza in una pagina ASL non prova gestione diretta della struttura.;;;;Pubblica / struttura aziendale ASL;Risolta;https://asl.vt.it/centro-diurno-dsm;"Fonte istituzionale ASL/Regione; collocazione nell'organizzazione aziendale";Non confondere con privata accreditata/convenzionata: resta nella rete pubblica.;Pubblica ricontrollata V7.1;Già ricontrollata prima della V7.2;https://asl.vt.it/centro-diurno-dsm;2026-09-20;
NET-077;Centro Diurno Orizzonti Aperti;ASL Frosinone;Centro diurno;Frosinone;Viale Mazzini - Distretto Sanitario;0775 2072592;cdorizzontiaperti@aslfrosinone.it;Percorsi terapeutico-riabilitativi individuali e di gruppo, autonomia e reinserimento;Dato rete estesa V4;"Invio CSM/SPDC; in alcuni casi richiesta diretta con valutazione UVM";;https://www.asl.fr.it/strutture/dipartimenti/dipartimento-di-salute-mentale-e-delle-patologie-da-dipendenza/uoc-residenzialita-e-semiresidenzialita/uos-centri-diurni/;Titolarità non ancora consolidata;Revisione titolarità richiesta;2026-09-20;La presenza in una pagina ASL non prova gestione diretta della struttura.;;;;Pubblica / struttura aziendale ASL;Risolta;https://www.asl.fr.it/strutture/dipartimenti/dipartimento-di-salute-mentale-e-delle-patologie-da-dipendenza/uoc-residenzialita-e-semiresidenzialita/uos-centri-diurni/;"Fonte istituzionale ASL/Regione; collocazione nell'organizzazione aziendale";Non confondere con privata accreditata/convenzionata: resta nella rete pubblica.;Pubblica ricontrollata V7.1;Già ricontrollata prima della V7.2;https://www.asl.fr.it/strutture/dipartimenti/dipartimento-di-salute-mentale-e-delle-patologie-da-dipendenza/uoc-residenzialita-e-semiresidenzialita/uos-centri-diurni/;2026-09-20;
NET-078;Centro Diurno Oltre il Muro;ASL Frosinone;Centro diurno;Ceccano;Via Marano, snc;0775 6262841;centrodiurnoceccano@aslfrosinone.it;Percorsi terapeutico-riabilitativi individuali e di gruppo, autonomia e reinserimento;Dato rete estesa V4;"Invio CSM/SPDC; in alcuni casi richiesta diretta con valutazione UVM";;https://www.asl.fr.it/strutture/dipartimenti/dipartimento-di-salute-mentale-e-delle-patologie-da-dipendenza/uoc-residenzialita-e-semiresidenzialita/uos-centri-diurni/;Titolarità non ancora consolidata;Revisione titolarità richiesta;2026-09-20;La presenza in una pagina ASL non prova gestione diretta della struttura.;;;;Pubblica / struttura aziendale ASL;Risolta;https://www.asl.fr.it/strutture/dipartimenti/dipartimento-di-salute-mentale-e-delle-patologie-da-dipendenza/uoc-residenzialita-e-semiresidenzialita/uos-centri-diurni/;"Fonte istituzionale ASL/Regione; collocazione nell'organizzazione aziendale";Non confondere con privata accreditata/convenzionata: resta nella rete pubblica.;Pubblica ricontrollata V7.1;Già ricontrollata prima della V7.2;https://www.asl.fr.it/strutture/dipartimenti/dipartimento-di-salute-mentale-e-delle-patologie-da-dipendenza/uoc-residenzialita-e-semiresidenzialita/uos-centri-diurni/;2026-09-20;
NET-079;Centro Diurno La Bussola;ASL Frosinone;Centro diurno;Ferentino;Via Casilina Nord km 71.800;0775 246066;centrodiurnoferentino@aslfrosinone.it;Percorsi terapeutico-riabilitativi individuali e di gruppo, autonomia e reinserimento;Dato rete estesa V4;"Invio CSM/SPDC; in alcuni casi richiesta diretta con valutazione UVM";;https://www.asl.fr.it/strutture/dipartimenti/dipartimento-di-salute-mentale-e-delle-patologie-da-dipendenza/uoc-residenzialita-e-semiresidenzialita/uos-centri-diurni/;Titolarità non ancora consolidata;Revisione titolarità richiesta;2026-09-20;La presenza in una pagina ASL non prova gestione diretta della struttura.;;;;Pubblica / struttura aziendale ASL;Risolta;https://www.asl.fr.it/strutture/dipartimenti/dipartimento-di-salute-mentale-e-delle-patologie-da-dipendenza/uoc-residenzialita-e-semiresidenzialita/uos-centri-diurni/;"Fonte istituzionale ASL/Regione; collocazione nell'organizzazione aziendale";Non confondere con privata accreditata/convenzionata: resta nella rete pubblica.;Pubblica ricontrollata V7.1;Già ricontrollata prima della V7.2;https://www.asl.fr.it/strutture/dipartimenti/dipartimento-di-salute-mentale-e-delle-patologie-da-dipendenza/uoc-residenzialita-e-semiresidenzialita/uos-centri-diurni/;2026-09-20;
NET-080;Centro Diurno Isola del Liri;ASL Frosinone;Centro diurno;Isola del Liri;Via Ospedale;0776 814848;cdsora@aslfrosinone.it;Percorsi terapeutico-riabilitativi individuali e di gruppo, autonomia e reinserimento;Dato rete estesa V4;"Invio CSM/SPDC; in alcuni casi richiesta diretta con valutazione UVM";;https://www.asl.fr.it/strutture/dipartimenti/dipartimento-di-salute-mentale-e-delle-patologie-da-dipendenza/uoc-residenzialita-e-semiresidenzialita/uos-centri-diurni/;Titolarità non ancora consolidata;Revisione titolarità richiesta;2026-09-20;La presenza in una pagina ASL non prova gestione diretta della struttura.;;;;Pubblica / struttura aziendale ASL;Risolta;https://www.asl.fr.it/strutture/dipartimenti/dipartimento-di-salute-mentale-e-delle-patologie-da-dipendenza/uoc-residenzialita-e-semiresidenzialita/uos-centri-diurni/;"Fonte istituzionale ASL/Regione; collocazione nell'organizzazione aziendale";Non confondere con privata accreditata/convenzionata: resta nella rete pubblica.;Pubblica ricontrollata V7.1;Già ricontrollata prima della V7.2;https://www.asl.fr.it/strutture/dipartimenti/dipartimento-di-salute-mentale-e-delle-patologie-da-dipendenza/uoc-residenzialita-e-semiresidenzialita/uos-centri-diurni/;2026-09-20;
NET-081;Centro Diurno Il Sentiero;ASL Frosinone;Centro diurno;Cassino;Via E. De Nicola, 265;0776 311665;centrodiurnocassino@aslfrosinone.it;Percorsi terapeutico-riabilitativi individuali e di gruppo, autonomia e reinserimento;Dato rete estesa V4;"Invio CSM/SPDC; in alcuni casi richiesta diretta con valutazione UVM";;https://www.asl.fr.it/strutture/dipartimenti/dipartimento-di-salute-mentale-e-delle-patologie-da-dipendenza/uoc-residenzialita-e-semiresidenzialita/uos-centri-diurni/;Titolarità non ancora consolidata;Revisione titolarità richiesta;2026-09-20;La presenza in una pagina ASL non prova gestione diretta della struttura.;;;;Pubblica / struttura aziendale ASL;Risolta;https://www.asl.fr.it/strutture/dipartimenti/dipartimento-di-salute-mentale-e-delle-patologie-da-dipendenza/uoc-residenzialita-e-semiresidenzialita/uos-centri-diurni/;"Fonte istituzionale ASL/Regione; collocazione nell'organizzazione aziendale";Non confondere con privata accreditata/convenzionata: resta nella rete pubblica.;Pubblica ricontrollata V7.1;Già ricontrollata prima della V7.2;https://www.asl.fr.it/strutture/dipartimenti/dipartimento-di-salute-mentale-e-delle-patologie-da-dipendenza/uoc-residenzialita-e-semiresidenzialita/uos-centri-diurni/;2026-09-20;
NET-083;UOC Residenzialità e Semiresidenzialità;ASL Frosinone;Residenziale / semiresidenziale;Frosinone;Via Fabi, snc - Palazzina M;0775 8822189;residenzialita@aslfrosinone.it;Coordinamento percorsi residenziali/semiresidenziali e centri diurni;Dato rete estesa V4;Su invio CSM e valutazione UVM;Lun-ven 10:00-12:00;https://www.asl.fr.it/strutture/dipartimenti/dipartimento-di-salute-mentale-e-delle-patologie-da-dipendenza/uoc-residenzialita-e-semiresidenzialita/;Titolarità non ancora consolidata;Revisione titolarità richiesta;2026-09-20;La presenza in una pagina ASL non prova gestione diretta della struttura.;;;;Pubblica / struttura aziendale ASL;Risolta;https://www.asl.fr.it/strutture/dipartimenti/dipartimento-di-salute-mentale-e-delle-patologie-da-dipendenza/uoc-residenzialita-e-semiresidenzialita/uos-centri-diurni/;"Fonte istituzionale ASL/Regione; collocazione nell'organizzazione aziendale";Non confondere con privata accreditata/convenzionata: resta nella rete pubblica.;Pubblica ricontrollata V7.1;Già ricontrollata prima della V7.2;https://www.asl.fr.it/strutture/dipartimenti/dipartimento-di-salute-mentale-e-delle-patologie-da-dipendenza/uoc-residenzialita-e-semiresidenzialita/;2026-09-20;
NET-086;Centro Diurno Latina;ASL Latina;Centro diurno;Latina;Area DSM Latina;;;Attività socio-terapeutiche e socio-riabilitative, autonomie e inclusione;Dato rete estesa V4;Su progetto riabilitativo condiviso con CSM;Da verificare;https://www.ausl.latina.it/dipartimenti/31-azienda/449-dsm;Titolarità non ancora consolidata;Revisione titolarità richiesta;2026-09-20;La presenza in una pagina ASL non prova gestione diretta della struttura.;;;;Pubblica / struttura aziendale ASL;Risolta;https://www.ausl.latina.it/dipartimenti/31-azienda/449-dsm;"Fonte istituzionale ASL/Regione; collocazione nell'organizzazione aziendale";Atti ASL Latina qualificano le strutture come 'Strutture Aziendali'.;Pubblica ricontrollata V7.1;Già ricontrollata prima della V7.2;https://www.ausl.latina.it/dipartimenti/31-azienda/449-dsm;2026-09-20;
NET-087;Centro Diurno Terracina;ASL Latina;Centro diurno;Terracina;Via Don Orione, 8;0773 708935/6;;Attività socio-terapeutiche e socio-riabilitative, autonomie e inclusione;Dato rete estesa V4;Su progetto riabilitativo condiviso con CSM;"Lun 14:00-20:00; mar/gio 08:00-17:30; mer/ven 08:00-14:00";https://www.ausl.latina.it/dipartimenti/31-azienda/449-dsm;Titolarità non ancora consolidata;Revisione titolarità richiesta;2026-09-20;La presenza in una pagina ASL non prova gestione diretta della struttura.;;;;Pubblica / struttura aziendale ASL;Risolta;https://www.ausl.latina.it/dipartimenti/31-azienda/449-dsm;"Fonte istituzionale ASL/Regione; collocazione nell'organizzazione aziendale";Atti ASL Latina qualificano le strutture come 'Strutture Aziendali'.;Pubblica ricontrollata V7.1;Già ricontrollata prima della V7.2;https://www.ausl.latina.it/dipartimenti/31-azienda/449-dsm;2026-09-20;
NET-088;Centro Diurno Formia / Maricae;ASL Latina;Centro diurno;Minturno;Via Fontana di Voza;0771 6612323;;Attività socio-terapeutiche e socio-riabilitative, autonomie e inclusione;Dato rete estesa V4;Su progetto riabilitativo condiviso con CSM;Lun-ven 08:00-16:00;https://www.ausl.latina.it/dipartimenti/31-azienda/449-dsm;Titolarità non ancora consolidata;Revisione titolarità richiesta;2026-09-20;La presenza in una pagina ASL non prova gestione diretta della struttura.;;;;Pubblica / struttura aziendale ASL;Risolta;https://www.ausl.latina.it/dipartimenti/31-azienda/449-dsm;"Fonte istituzionale ASL/Regione; collocazione nell'organizzazione aziendale";Atti ASL Latina qualificano le strutture come 'Strutture Aziendali'.;Pubblica ricontrollata V7.1;Già ricontrollata prima della V7.2;https://www.ausl.latina.it/dipartimenti/31-azienda/449-dsm;2026-09-20;
NET-093;Comunità Terapeutica Santa Fecitola;ASL Latina;Residenziale;Latina;;;;Comunità terapeutica psichiatrica;Dato rete estesa V4;Su progetto DSM;;https://www.ausl.latina.it/dipartimenti/31-azienda/449-dsm;Titolarità non ancora consolidata;Revisione titolarità richiesta;2026-09-20;La presenza in una pagina ASL non prova gestione diretta della struttura.;;;;Pubblica / struttura aziendale ASL;Risolta;https://www.ausl.latina.it/dipartimenti/31-azienda/449-dsm;"Fonte istituzionale ASL/Regione; collocazione nell'organizzazione aziendale";Atti ASL Latina qualificano le strutture come 'Strutture Aziendali'.;Pubblica ricontrollata V7.1;Già ricontrollata prima della V7.2;https://www.ausl.latina.it/dipartimenti/31-azienda/449-dsm;2026-09-20;
NET-094;Comunità Terapeutica Riabilitativa Maricae 1-3;ASL Latina;Residenziale;Minturno;Via Fontana di Voza;0771 6612323;;Trattamenti residenziali psichiatrici / riabilitativi;Dato rete estesa V4;Su progetto DSM;;https://www.ausl.latina.it/dipartimenti/31-azienda/449-dsm;Titolarità non ancora consolidata;Revisione titolarità richiesta;2026-09-20;La presenza in una pagina ASL non prova gestione diretta della struttura.;;;;Pubblica / struttura aziendale ASL;Risolta;https://www.ausl.latina.it/dipartimenti/31-azienda/449-dsm;"Fonte istituzionale ASL/Regione; collocazione nell'organizzazione aziendale";Atti ASL Latina qualificano le strutture come 'Strutture Aziendali'.;Pubblica ricontrollata V7.1;Già ricontrollata prima della V7.2;https://www.ausl.latina.it/dipartimenti/31-azienda/449-dsm;2026-09-20;
PUB72-R1-001;Centro Diurno Palestro;ASL Roma 1;Centro diurno;Roma;Via Palestro, 39;;;Riabilitazione psichiatrica residenziale/semiresidenziale secondo PTRP;Sede specifica — fonte istituzionale ASL;Su invio/valutazione del servizio territoriale competente;;https://www.aslroma1.it/presidi-territoriali/Distretto%201/lista_presidi;Gestione diretta ASL;Ricontrollata nella V7.2;2026-09-20;;Nuova ricognizione V7.2;Ricontrollata V7.2;;;;;;;Nuova ricognizione V7.2;Confermata su fonte ASL corrente;https://www.aslroma1.it/presidi-territoriali/Distretto%201/lista_presidi;2026-09-20;
PUB72-R1-002;Centro Diurno Plinio P.I.P.S.M. Polo Ovest;ASL Roma 1;Centro diurno;Roma;Via Plinio, 31;;;Riabilitazione psichiatrica residenziale/semiresidenziale secondo PTRP;Sede specifica — fonte istituzionale ASL;Su invio/valutazione del servizio territoriale competente;;https://www.aslroma1.it/presidi-territoriali/Distretto%201/lista_presidi;Gestione diretta ASL;Ricontrollata nella V7.2;2026-09-20;;Nuova ricognizione V7.2;Ricontrollata V7.2;;;;;;;Nuova ricognizione V7.2;Confermata su fonte ASL corrente;https://www.aslroma1.it/presidi-territoriali/Distretto%201/lista_presidi;2026-09-20;
PUB72-R1-003;Centro Diurno Via Sabotino;ASL Roma 1;Centro diurno;Roma;Via Sabotino, 4;;;Riabilitazione psichiatrica residenziale/semiresidenziale secondo PTRP;Sede specifica — fonte istituzionale ASL;Su invio/valutazione del servizio territoriale competente;;https://www.aslroma1.it/presidi-territoriali/Distretto%201/lista_presidi;Gestione diretta ASL;Ricontrollata nella V7.2;2026-09-20;;Nuova ricognizione V7.2;Ricontrollata V7.2;;;;;;;Nuova ricognizione V7.2;Confermata su fonte ASL corrente;https://www.aslroma1.it/presidi-territoriali/Distretto%201/lista_presidi;2026-09-20;
PUB72-R1-004;Gruppo Appartamento Baccina;ASL Roma 1;SRSR / gruppo appartamento;Roma;Via Baccina, 81;;;Riabilitazione psichiatrica residenziale/semiresidenziale secondo PTRP;Sede specifica — fonte istituzionale ASL;Su invio/valutazione del servizio territoriale competente;;https://www.aslroma1.it/presidi-territoriali/Distretto%201/lista_presidi;Gestione diretta ASL;Ricontrollata nella V7.2;2026-09-20;;Nuova ricognizione V7.2;Ricontrollata V7.2;;;;;;;Nuova ricognizione V7.2;Confermata su fonte ASL corrente;https://www.aslroma1.it/presidi-territoriali/Distretto%201/lista_presidi;2026-09-20;Posti documentati: 10. 
PUB72-R1-005;Gruppo Appartamento Bramante;ASL Roma 1;SRSR / gruppo appartamento;Roma;Via Bramante, 6;;;Riabilitazione psichiatrica residenziale/semiresidenziale secondo PTRP;Sede specifica — fonte istituzionale ASL;Su invio/valutazione del servizio territoriale competente;;https://www.aslroma1.it/presidi-territoriali/Distretto%201/lista_presidi;Gestione diretta ASL;Ricontrollata nella V7.2;2026-09-20;;Nuova ricognizione V7.2;Ricontrollata V7.2;;;;;;;Nuova ricognizione V7.2;Confermata su fonte ASL corrente;https://www.aslroma1.it/presidi-territoriali/Distretto%201/lista_presidi;2026-09-20;
PUB72-R1-006;Gruppo Appartamento Milizie;ASL Roma 1;SRSR / gruppo appartamento;Roma;Via delle Milizie, 3;;;Riabilitazione psichiatrica residenziale/semiresidenziale secondo PTRP;Sede specifica — fonte istituzionale ASL;Su invio/valutazione del servizio territoriale competente;;https://www.aslroma1.it/presidi-territoriali/Distretto%201/lista_presidi;Gestione diretta ASL;Ricontrollata nella V7.2;2026-09-20;;Nuova ricognizione V7.2;Ricontrollata V7.2;;;;;;;Nuova ricognizione V7.2;Confermata su fonte ASL corrente;https://www.aslroma1.it/presidi-territoriali/Distretto%201/lista_presidi;2026-09-20;
PUB72-R1-007;Gruppo Appartamento P.I.P.S.M. Oslavia;ASL Roma 1;SRSR / gruppo appartamento;Roma;Via Oslavia, 37;;;Riabilitazione psichiatrica residenziale/semiresidenziale secondo PTRP;Sede specifica — fonte istituzionale ASL;Su invio/valutazione del servizio territoriale competente;;https://www.aslroma1.it/presidi-territoriali/Distretto%201/lista_presidi;Gestione diretta ASL;Ricontrollata nella V7.2;2026-09-20;;Nuova ricognizione V7.2;Ricontrollata V7.2;;;;;;;Nuova ricognizione V7.2;Confermata su fonte ASL corrente;https://www.aslroma1.it/presidi-territoriali/Distretto%201/lista_presidi;2026-09-20;
PUB72-R1-008;SRSR Via Giacomo Della Porta;ASL Roma 1;SRSR;Roma;Via Giacomo Della Porta, 5;;;Riabilitazione psichiatrica residenziale/semiresidenziale secondo PTRP;Sede specifica — fonte istituzionale ASL;Su invio/valutazione del servizio territoriale competente;;https://www.aslroma1.it/presidi-territoriali/Distretto%201/lista_presidi;Gestione diretta ASL;Ricontrollata nella V7.2;2026-09-20;;Nuova ricognizione V7.2;Ricontrollata V7.2;;;;;;;Nuova ricognizione V7.2;Confermata su fonte ASL corrente;https://www.aslroma1.it/presidi-territoriali/Distretto%201/lista_presidi;2026-09-20;
PUB72-R1-009;SRTRe P.I.P.S.M. Ripa Grande;ASL Roma 1;SRTRe;Roma;Via Emilio Morosini, 30;;;Riabilitazione psichiatrica residenziale/semiresidenziale secondo PTRP;Sede specifica — fonte istituzionale ASL;Su invio/valutazione del servizio territoriale competente;;https://www.aslroma1.it/presidi-territoriali/Distretto%201/lista_presidi;Gestione diretta ASL;Ricontrollata nella V7.2;2026-09-20;;Nuova ricognizione V7.2;Ricontrollata V7.2;;;;;;;Nuova ricognizione V7.2;Confermata su fonte ASL corrente;https://www.aslroma1.it/presidi-territoriali/Distretto%201/lista_presidi;2026-09-20;
PUB72-R1-010;SRTRe Piatti;ASL Roma 1;SRTRe;Roma;Via Giovanni Battista Piatti, 19;;;Riabilitazione psichiatrica residenziale/semiresidenziale secondo PTRP;Sede specifica — fonte istituzionale ASL;Su invio/valutazione del servizio territoriale competente;;https://www.aslroma1.it/presidi-territoriali/Distretto%201/lista_presidi;Gestione diretta ASL;Ricontrollata nella V7.2;2026-09-20;;Nuova ricognizione V7.2;Ricontrollata V7.2;;;;;;;Nuova ricognizione V7.2;Confermata su fonte ASL corrente;https://www.aslroma1.it/presidi-territoriali/Distretto%201/lista_presidi;2026-09-20;Posti documentati: 14. 
PUB72-R1-011;Centro Diurno Sabrata P.I.P.S.M. Polo Est;ASL Roma 1;Centro diurno;Roma;Via Sabrata, 12;;;Riabilitazione psichiatrica PIPSM;Sede specifica — fonte istituzionale ASL;Su invio/valutazione del servizio territoriale competente;;https://www.aslroma1.it/presidi-territoriali/Distretto%202/lista_presidi;Gestione diretta ASL;Ricontrollata nella V7.2;2026-09-20;;Nuova ricognizione V7.2;Ricontrollata V7.2;;;;;;;Nuova ricognizione V7.2;Confermata su fonte ASL corrente;https://www.aslroma1.it/presidi-territoriali/Distretto%202/lista_presidi;2026-09-20;
PUB72-R1-012;Gruppo Appartamento Turchia;ASL Roma 1;SRSR / gruppo appartamento;Roma;Via Turchia, 7;;;Residenzialità socio-riabilitativa;Sede specifica — fonte istituzionale ASL;Su invio/valutazione del servizio territoriale competente;;https://www.aslroma1.it/presidi-territoriali/Distretto%202/lista_presidi;Gestione diretta ASL;Ricontrollata nella V7.2;2026-09-20;;Nuova ricognizione V7.2;Ricontrollata V7.2;;;;;;;Nuova ricognizione V7.2;Confermata su fonte ASL corrente;https://www.aslroma1.it/presidi-territoriali/Distretto%202/lista_presidi;2026-09-20;
PUB72-R1-013;Centro Diurno Monte Tomatico;ASL Roma 1;Centro diurno;Roma;Via Monte Tomatico, 9;;;Riabilitazione psichiatrica territoriale;Sede specifica — fonte istituzionale ASL;Su invio/valutazione del servizio territoriale competente;;https://www.aslroma1.it/presidi-territoriali/Distretto%203/lista_presidi;Gestione diretta ASL;Ricontrollata nella V7.2;2026-09-20;;Nuova ricognizione V7.2;Ricontrollata V7.2;;;;;;;Nuova ricognizione V7.2;Confermata su fonte ASL corrente;https://www.aslroma1.it/presidi-territoriali/Distretto%203/lista_presidi;2026-09-20;
PUB72-R1-014;Centro Diurno Pasquariello;ASL Roma 1;Centro diurno;Roma;Via Gennaro Pasquariello, 8;;;Riabilitazione psichiatrica territoriale;Sede specifica — fonte istituzionale ASL;Su invio/valutazione del servizio territoriale competente;;https://www.aslroma1.it/presidi-territoriali/Distretto%203/lista_presidi;Gestione diretta ASL;Ricontrollata nella V7.2;2026-09-20;;Nuova ricognizione V7.2;Ricontrollata V7.2;;;;;;;Nuova ricognizione V7.2;Confermata su fonte ASL corrente;https://www.aslroma1.it/presidi-territoriali/Distretto%203/lista_presidi;2026-09-20;
PUB72-R1-015;Gruppo Appartamento Quarrata;ASL Roma 1;SRSR / gruppo appartamento;Roma;Via Quarrata, 7/15;;;Riabilitazione psichiatrica territoriale;Sede specifica — fonte istituzionale ASL;Su invio/valutazione del servizio territoriale competente;;https://www.aslroma1.it/presidi-territoriali/Distretto%203/lista_presidi;Gestione diretta ASL;Ricontrollata nella V7.2;2026-09-20;;Nuova ricognizione V7.2;Ricontrollata V7.2;;;;;;;Nuova ricognizione V7.2;Confermata su fonte ASL corrente;https://www.aslroma1.it/presidi-territoriali/Distretto%203/lista_presidi;2026-09-20;Posti documentati: 18. 
PUB72-R1-016;SRSR Via Scarpanto;ASL Roma 1;SRSR;Roma;Via Scarpanto, 8;;;Riabilitazione psichiatrica territoriale;Sede specifica — fonte istituzionale ASL;Su invio/valutazione del servizio territoriale competente;;https://www.aslroma1.it/presidi-territoriali/Distretto%203/lista_presidi;Gestione diretta ASL;Ricontrollata nella V7.2;2026-09-20;;Nuova ricognizione V7.2;Ricontrollata V7.2;;;;;;;Nuova ricognizione V7.2;Confermata su fonte ASL corrente;https://www.aslroma1.it/presidi-territoriali/Distretto%203/lista_presidi;2026-09-20;
PUB72-R1-017;SRTRe Marcigliana;ASL Roma 1;SRTRe;Roma;Via Nomentana, 1199;;;Riabilitazione psichiatrica territoriale;Sede specifica — fonte istituzionale ASL;Su invio/valutazione del servizio territoriale competente;;https://www.aslroma1.it/presidi-territoriali/Distretto%203/lista_presidi;Gestione diretta ASL;Ricontrollata nella V7.2;2026-09-20;;Nuova ricognizione V7.2;Ricontrollata V7.2;;;;;;;Nuova ricognizione V7.2;Confermata su fonte ASL corrente;https://www.aslroma1.it/presidi-territoriali/Distretto%203/lista_presidi;2026-09-20;
PUB72-R1-018;Centro Diurno Valle Aurelia;ASL Roma 1;Centro diurno;Roma;Via di Valle Aurelia, 257;;;Riabilitazione psichiatrica territoriale;Sede specifica — fonte istituzionale ASL;Su invio/valutazione del servizio territoriale competente;;https://www.aslroma1.it/presidi-territoriali/Distretto%2013/lista_presidi;Gestione diretta ASL;Ricontrollata nella V7.2;2026-09-20;;Nuova ricognizione V7.2;Ricontrollata V7.2;;;;;;;Nuova ricognizione V7.2;Confermata su fonte ASL corrente;https://www.aslroma1.it/presidi-territoriali/Distretto%2013/lista_presidi;2026-09-20;
PUB72-R1-019;Gruppo Appartamento Sodini;ASL Roma 1;SRSR / gruppo appartamento;Roma;Via Gaetano Sodini, 52;;;Riabilitazione psichiatrica territoriale;Sede specifica — fonte istituzionale ASL;Su invio/valutazione del servizio territoriale competente;;https://www.aslroma1.it/presidi-territoriali/Distretto%2013/lista_presidi;Gestione diretta ASL;Ricontrollata nella V7.2;2026-09-20;;Nuova ricognizione V7.2;Ricontrollata V7.2;;;;;;;Nuova ricognizione V7.2;Confermata su fonte ASL corrente;https://www.aslroma1.it/presidi-territoriali/Distretto%2013/lista_presidi;2026-09-20;
PUB72-R1-020;SRTRe Castel di Guido;ASL Roma 1;SRTRe;Roma;Via Gaetano Sodini, 24;;;Riabilitazione psichiatrica territoriale;Sede specifica — fonte istituzionale ASL;Su invio/valutazione del servizio territoriale competente;;https://www.aslroma1.it/presidi-territoriali/Distretto%2013/lista_presidi;Gestione diretta ASL;Ricontrollata nella V7.2;2026-09-20;;Nuova ricognizione V7.2;Ricontrollata V7.2;;;;;;;Nuova ricognizione V7.2;Confermata su fonte ASL corrente;https://www.aslroma1.it/presidi-territoriali/Distretto%2013/lista_presidi;2026-09-20;
PUB72-R1-021;SRSR H12 Gasparri;ASL Roma 1;SRSR H12;Roma;Via Pietro Gasparri, 23;;;Residenzialità socio-riabilitativa H12;Sede specifica — fonte istituzionale ASL;Su invio/valutazione del servizio territoriale competente;;https://www.aslroma1.it/presidi-territoriali/Distretto%2014/lista_presidi;Gestione diretta ASL;Ricontrollata nella V7.2;2026-09-20;;Nuova ricognizione V7.2;Ricontrollata V7.2;;;;;;;Nuova ricognizione V7.2;Confermata su fonte ASL corrente;https://www.aslroma1.it/presidi-territoriali/Distretto%2014/lista_presidi;2026-09-20;
PUB72-R1-022;Centro Diurno Di Giorgio;ASL Roma 1;Centro diurno;Roma;Via Antonino Di Giorgio, 19;;;Riabilitazione psichiatrica territoriale;Sede specifica — fonte istituzionale ASL;Su invio/valutazione del servizio territoriale competente;;https://www.aslroma1.it/presidi-territoriali/Distretto%2015/lista_presidi;Gestione diretta ASL;Ricontrollata nella V7.2;2026-09-20;;Nuova ricognizione V7.2;Ricontrollata V7.2;;;;;;;Nuova ricognizione V7.2;Confermata su fonte ASL corrente;https://www.aslroma1.it/presidi-territoriali/Distretto%2015/lista_presidi;2026-09-20;
PUB72-R1-023;Gruppo Appartamento Galline Bianche;ASL Roma 1;SRSR / gruppo appartamento;Roma;Via delle Galline Bianche, 82;;;Riabilitazione psichiatrica territoriale;Sede specifica — fonte istituzionale ASL;Su invio/valutazione del servizio territoriale competente;;https://www.aslroma1.it/presidi-territoriali/Distretto%2015/lista_presidi;Gestione diretta ASL;Ricontrollata nella V7.2;2026-09-20;;Nuova ricognizione V7.2;Ricontrollata V7.2;;;;;;;Nuova ricognizione V7.2;Confermata su fonte ASL corrente;https://www.aslroma1.it/presidi-territoriali/Distretto%2015/lista_presidi;2026-09-20;
PUB72-R1-024;Gruppo Appartamento Prima Porta;ASL Roma 1;SRSR / gruppo appartamento;Roma;Via della Stazione di Prima Porta, 8;;;Riabilitazione psichiatrica territoriale;Sede specifica — fonte istituzionale ASL;Su invio/valutazione del servizio territoriale competente;;https://www.aslroma1.it/presidi-territoriali/Distretto%2015/lista_presidi;Gestione diretta ASL;Ricontrollata nella V7.2;2026-09-20;;Nuova ricognizione V7.2;Ricontrollata V7.2;;;;;;;Nuova ricognizione V7.2;Confermata su fonte ASL corrente;https://www.aslroma1.it/presidi-territoriali/Distretto%2015/lista_presidi;2026-09-20;
PUB72-R1-025;SRSR H12 Antonino Di Giorgio;ASL Roma 1;SRSR H12;Roma;Via Antonino Di Giorgio, 19;;;Riabilitazione psichiatrica territoriale;Sede specifica — fonte istituzionale ASL;Su invio/valutazione del servizio territoriale competente;;https://www.aslroma1.it/presidi-territoriali/Distretto%2015/lista_presidi;Gestione diretta ASL;Ricontrollata nella V7.2;2026-09-20;;Nuova ricognizione V7.2;Ricontrollata V7.2;;;;;;;Nuova ricognizione V7.2;Confermata su fonte ASL corrente;https://www.aslroma1.it/presidi-territoriali/Distretto%2015/lista_presidi;2026-09-20;
PUB72-R2-001;Centro Diurno L’Aquilone;ASL Roma 2;Centro diurno;Roma;Via della Rustica, 218;06.41436966;cd.rustica@aslroma2.it;Riabilitazione psichiatrica semiresidenziale;Sede specifica — fonte istituzionale ASL;Su proposta e invio dell’équipe CSM;;https://www.aslroma2.it/index.php/centri-diurni?id=31&view=page;Gestione diretta ASL;Ricontrollata nella V7.2;2026-09-20;Sede decentrata: Via Rubellia, 4.;Nuova ricognizione V7.2;Ricontrollata V7.2;;;;;;;Nuova ricognizione V7.2;Confermata su fonte ASL corrente;https://www.aslroma2.it/index.php/centri-diurni?id=31&view=page;2026-09-20;Sede decentrata: Via Rubellia, 4.
PUB72-R2-002;Centro Diurno Casilina – Gattamelata;ASL Roma 2;Centro diurno;Roma;Via Casilina, 395;06.5100.8679 / 8677;cd.casilina@aslroma2.it;Riabilitazione psichiatrica semiresidenziale;Sede specifica — fonte istituzionale ASL;Su proposta e invio dell’équipe CSM;;https://www.aslroma2.it/index.php/centri-diurni?id=31&view=page;Gestione diretta ASL;Ricontrollata nella V7.2;2026-09-20;;Nuova ricognizione V7.2;Ricontrollata V7.2;;;;;;;Nuova ricognizione V7.2;Confermata su fonte ASL corrente;https://www.aslroma2.it/index.php/centri-diurni?id=31&view=page;2026-09-20;
PUB72-R2-003;Centro Diurno Manfredonia – Lo Stormo;ASL Roma 2;Centro diurno;Roma;Via Manfredonia, 43;06.4143.6454;cd.manfredonia@aslroma2.it;Riabilitazione psichiatrica semiresidenziale;Sede specifica — fonte istituzionale ASL;Su proposta e invio dell’équipe CSM;;https://www.aslroma2.it/index.php/centri-diurni?id=31&view=page;Gestione diretta ASL;Ricontrollata nella V7.2;2026-09-20;;Nuova ricognizione V7.2;Ricontrollata V7.2;;;;;;;Nuova ricognizione V7.2;Confermata su fonte ASL corrente;https://www.aslroma2.it/index.php/centri-diurni?id=31&view=page;2026-09-20;
PUB72-R2-004;Centro Diurno Canapiglie–Pispole;ASL Roma 2;Centro diurno;Roma;"Via delle Canapiglie, 50; Via delle Pispole, 1";06.4143.6510 / 6516;cd.canapiglie@aslroma2.it;Riabilitazione psichiatrica semiresidenziale;Sede specifica — fonte istituzionale ASL;Su proposta e invio dell’équipe CSM;;https://www.aslroma2.it/index.php/centri-diurni?id=31&view=page;Gestione diretta ASL;Ricontrollata nella V7.2;2026-09-20;Due sedi operative pubblicate dalla ASL.;Nuova ricognizione V7.2;Ricontrollata V7.2;;;;;;;Nuova ricognizione V7.2;Confermata su fonte ASL corrente;https://www.aslroma2.it/index.php/centri-diurni?id=31&view=page;2026-09-20;Due sedi operative pubblicate dalla ASL.
PUB72-R2-005;Centro Diurno Cinecittà;ASL Roma 2;Centro diurno;Roma;Piazza di Cinecittà, 11;06.4143.6212 / 6208;cd.cinecitta@aslroma2.it;Riabilitazione psichiatrica semiresidenziale;Sede specifica — fonte istituzionale ASL;Su proposta e invio dell’équipe CSM;;https://www.aslroma2.it/index.php/centri-diurni?id=31&view=page;Gestione diretta ASL;Ricontrollata nella V7.2;2026-09-20;;Nuova ricognizione V7.2;Ricontrollata V7.2;;;;;;;Nuova ricognizione V7.2;Confermata su fonte ASL corrente;https://www.aslroma2.it/index.php/centri-diurni?id=31&view=page;2026-09-20;
PUB72-R2-006;Centro Diurno Villa Lais;ASL Roma 2;Centro diurno;Roma;Via Paolo Albera, 50;06.5100.7481;cd.villalais@alroma2.it;Riabilitazione psichiatrica semiresidenziale;Sede specifica — fonte istituzionale ASL;Su proposta e invio dell’équipe CSM;;https://www.aslroma2.it/index.php/centri-diurni?id=31&view=page;Gestione diretta ASL;Ricontrollata nella V7.2;2026-09-20;"Email riportata così nella pagina ASL; possibile refuso da verificare.";Nuova ricognizione V7.2;Ricontrollata V7.2;;;;;;;Nuova ricognizione V7.2;Confermata su fonte ASL corrente;https://www.aslroma2.it/index.php/centri-diurni?id=31&view=page;2026-09-20;"Email riportata così nella pagina ASL; possibile refuso da verificare."
PUB72-R2-007;Centro Diurno San Paolo;ASL Roma 2;Centro diurno;Roma;Viale Giustiniano Imperatore, 45;06.5100.8212 / 8148;cd.imperatore@aslroma2.it;Riabilitazione psichiatrica semiresidenziale;Sede specifica — fonte istituzionale ASL;Su proposta e invio dell’équipe CSM;;https://www.aslroma2.it/index.php/centri-diurni?id=31&view=page;Gestione diretta ASL;Ricontrollata nella V7.2;2026-09-20;;Nuova ricognizione V7.2;Ricontrollata V7.2;;;;;;;Nuova ricognizione V7.2;Confermata su fonte ASL corrente;https://www.aslroma2.it/index.php/centri-diurni?id=31&view=page;2026-09-20;
PUB72-R2-008;Centro Diurno Vergani;ASL Roma 2;Centro diurno;Roma;Via Orio Vergani, 1;06.51008564 / 8567;cd.vergani@aslroma2.it;Riabilitazione psichiatrica semiresidenziale;Sede specifica — fonte istituzionale ASL;Su proposta e invio dell’équipe CSM;;https://www.aslroma2.it/index.php/centri-diurni?id=31&view=page;Gestione diretta ASL;Ricontrollata nella V7.2;2026-09-20;;Nuova ricognizione V7.2;Ricontrollata V7.2;;;;;;;Nuova ricognizione V7.2;Confermata su fonte ASL corrente;https://www.aslroma2.it/index.php/centri-diurni?id=31&view=page;2026-09-20;
PUB72-R2-009;SRTRe Sillani – Il Ponte e l’Albero;ASL Roma 2;SRTRe;Roma;Via T. Sillani, 7;06.5100.6468 / 6469;srtr.sillani@aslroma2.it;Residenzialità psichiatrica DSM;Sede specifica — fonte istituzionale ASL;Su proposta CSM e previa autorizzazione UVM dipartimentale;;https://www.aslroma2.it/index.php/uosd-residenzialita-salute-mentale;Gestione diretta ASL;Ricontrollata nella V7.2;2026-09-20;;Nuova ricognizione V7.2;Ricontrollata V7.2;;;;;;;Nuova ricognizione V7.2;Confermata su fonte ASL corrente;https://www.aslroma2.it/index.php/uosd-residenzialita-salute-mentale;2026-09-20;Posti documentati: 12. 
PUB72-R2-010;SRTRe Salone – Mario Gozzano (D6);ASL Roma 2;SRTRe;Roma;Via della Stazione di Salone, 12;06.4143.6481 / 6482;srtr.gozzano@aslroma2.it;Residenzialità psichiatrica DSM;Sede specifica — fonte istituzionale ASL;Su proposta CSM e previa autorizzazione UVM dipartimentale;;https://www.aslroma2.it/index.php/uosd-residenzialita-salute-mentale;Gestione diretta ASL;Ricontrollata nella V7.2;2026-09-20;;Nuova ricognizione V7.2;Ricontrollata V7.2;;;;;;;Nuova ricognizione V7.2;Confermata su fonte ASL corrente;https://www.aslroma2.it/index.php/uosd-residenzialita-salute-mentale;2026-09-20;Posti documentati: 12. 
PUB72-R2-011;SRTRe Urbania;ASL Roma 2;SRTRe;Roma;Piazza Urbania, 4;06.4143.6176;uosd.rsm@aslroma2.it;Residenzialità psichiatrica DSM;Sede specifica — fonte istituzionale ASL;Su proposta CSM e previa autorizzazione UVM dipartimentale;;https://www.aslroma2.it/index.php/uosd-residenzialita-salute-mentale;Gestione diretta ASL;Ricontrollata nella V7.2;2026-09-20;;Nuova ricognizione V7.2;Ricontrollata V7.2;;;;;;;Nuova ricognizione V7.2;Confermata su fonte ASL corrente;https://www.aslroma2.it/index.php/uosd-residenzialita-salute-mentale;2026-09-20;Posti documentati: 12. 
PUB72-R2-012;SRSR H12 Le Terrazze/Lunghezza;ASL Roma 2;SRSR H12;Roma;Via della Rustica, 218;06.41436072 / 06.2294223;uosd.rsm@aslroma2.it;Residenzialità psichiatrica DSM;Sede specifica — fonte istituzionale ASL;Su proposta CSM e previa autorizzazione UVM dipartimentale;;https://www.aslroma2.it/index.php/uosd-residenzialita-salute-mentale;Gestione diretta ASL;Ricontrollata nella V7.2;2026-09-20;;Nuova ricognizione V7.2;Ricontrollata V7.2;;;;;;;Nuova ricognizione V7.2;Confermata su fonte ASL corrente;https://www.aslroma2.it/index.php/uosd-residenzialita-salute-mentale;2026-09-20;Posti documentati: 18. 
PUB72-R3-001;SRTRe Catacombe di Generosa;ASL Roma 3;SRTRe;Roma;Via delle Catacombe di Generosa, 5;06/56484800-4801-4803;comunita.generosa@aslroma3.it;Trattamenti terapeutico-riabilitativi residenziali;Sede specifica — fonte istituzionale ASL;Su indicazione CSM e progetto terapeutico condiviso;;https://www.aslroma3.it/dipartimenti/dipartimento-di-salute-mentale/uosd-residenzialita-in-salute-mentale/;Gestione diretta ASL;Ricontrollata nella V7.2;2026-09-20;"Gestione diretta ASL Roma 3; 16 posti letto.";Nuova ricognizione V7.2;Ricontrollata V7.2;;;;;;;Nuova ricognizione V7.2;Confermata su fonte ASL corrente;https://www.aslroma3.it/dipartimenti/dipartimento-di-salute-mentale/uosd-residenzialita-in-salute-mentale/;2026-09-20;"Posti documentati: 16. Gestione diretta ASL Roma 3; 16 posti letto."
PUB72-R3-002;SRSR H24 Mazzacurati;ASL Roma 3;SRSR H24;Roma;Via Mazzacurati, 23;06/56485700;comunitamazzacurati@aslroma3.it;Riabilitazione socio-riabilitativa residenziale;Sede specifica — fonte istituzionale ASL;Su indicazione CSM;;https://www.aslroma3.it/dipartimenti/dipartimento-di-salute-mentale/uosd-residenzialita-in-salute-mentale/;Gestione diretta ASL;Ricontrollata nella V7.2;2026-09-20;;Nuova ricognizione V7.2;Ricontrollata V7.2;;;;;;;Nuova ricognizione V7.2;Confermata su fonte ASL corrente;https://www.aslroma3.it/dipartimenti/dipartimento-di-salute-mentale/uosd-residenzialita-in-salute-mentale/;2026-09-20;Posti documentati: 10. 
PUB72-R3-003;Centro Diurno Terapeutico Riabilitativo Fiumicino;ASL Roma 3;Centro diurno;Fiumicino;Largo dello Spinarello, 12/14;06/56484301;dsm.d1@aslroma3.it;Riabilitazione psichiatrica semiresidenziale;Sede specifica — fonte istituzionale ASL;Invio CSM e valutazione équipe del Centro;;https://www.aslroma3.it/dipartimenti/dipartimento-di-salute-mentale/uoc-salute-mentale-distretto-sanitario-comune-di-fiumicino/;Gestione diretta ASL;Ricontrollata nella V7.2;2026-09-20;;Nuova ricognizione V7.2;Ricontrollata V7.2;;;;;;;Nuova ricognizione V7.2;Confermata su fonte ASL corrente;https://www.aslroma3.it/dipartimenti/dipartimento-di-salute-mentale/uoc-salute-mentale-distretto-sanitario-comune-di-fiumicino/;2026-09-20;
PUB72-RI-001;Comunità Terapeutico-Riabilitativa La Villa;ASL Rieti;SRTRe;Rieti;Via Tavola d’Argento, 19;;;Percorsi terapeutico-riabilitativi integrati, durata media 1-2 anni;Sede specifica — fonte istituzionale ASL;Invio CSM di appartenenza;;https://www.asl.rieti.it/organizzazione-aziendale/dipartimenti/dipartimento-promozione-e-tutela-della-salute-mentale/uosd-strutture-riabilitative-salute-mentale-e-rems;Gestione diretta ASL;Ricontrollata nella V7.2;2026-09-20;;Nuova ricognizione V7.2;Ricontrollata V7.2;;;;;;;Nuova ricognizione V7.2;Confermata su fonte ASL corrente;https://www.asl.rieti.it/organizzazione-aziendale/dipartimenti/dipartimento-promozione-e-tutela-della-salute-mentale/uosd-strutture-riabilitative-salute-mentale-e-rems;2026-09-20;Posti documentati: 9. 
PUB72-RI-002;Centro Diurno Psichiatrico Melograno – Poggio Mirteto;ASL Rieti;Centro diurno;Poggio Mirteto;Via Formello loc. Sant’Antonio, 2/A;;;Riabilitazione psichiatrica semiresidenziale;Sede specifica — fonte istituzionale ASL;Su progetto CSM;;https://www.asl.rieti.it/wp-content/uploads/fileadmin/user_upload/23.06_all_2.1_ELENCO_DEFINITIVO_IMMOBILI_ASL.pdf;Gestione diretta ASL;Ricontrollata nella V7.2;2026-09-20;"La rete CSM distretto 2 documenta il Centro Diurno; indirizzo da patrimonio immobiliare ASL.";Nuova ricognizione V7.2;Ricontrollata V7.2;;;;;;;Nuova ricognizione V7.2;Confermata su fonte ASL corrente;https://www.asl.rieti.it/wp-content/uploads/fileadmin/user_upload/23.06_all_2.1_ELENCO_DEFINITIVO_IMMOBILI_ASL.pdf;2026-09-20;"La rete CSM distretto 2 documenta il Centro Diurno; indirizzo da patrimonio immobiliare ASL."
PUB72-VT-001;Centro Diurno DSM Tarquinia;ASL Viterbo;Centro diurno;Tarquinia;Via Suor Serafina Giudici;0766842251;;Riabilitazione terapeutico-riabilitativa semiresidenziale;Sede specifica — fonte istituzionale ASL;Invio CSM nell’ambito del PTRI;"lun-gio 08:00-14:00; mer anche fino 20:00";https://asl.vt.it/centro-diurno-dsm;Gestione diretta ASL;Ricontrollata nella V7.2;2026-09-20;Attività del Centro Diurno Tarquinia confermata anche da evento ASL del 23/06/2026.;Nuova ricognizione V7.2;Ricontrollata V7.2;;;;;;;Nuova ricognizione V7.2;Confermata su fonte ASL corrente;https://asl.vt.it/centro-diurno-dsm;2026-09-20;Attività del Centro Diurno Tarquinia confermata anche da evento ASL del 23/06/2026.
PUB72-VT-002;Centro Diurno DSM Viterbo;ASL Viterbo;Centro diurno;Viterbo;Via M. Romiti, 54;0761300641;;Riabilitazione terapeutico-riabilitativa semiresidenziale;Sede specifica — fonte istituzionale ASL;Invio CSM nell’ambito del PTRI;"lun/mer/ven 08:30-14:00; mar/gio 08:30-17:30";https://asl.vt.it/centro-diurno-dsm;Gestione diretta ASL;Ricontrollata nella V7.2;2026-09-20;"Scheda sede aggiornata 2023; DSM aziendale risulta aggiornato maggio 2026.";Nuova ricognizione V7.2;Ricontrollata V7.2;;;;;;;Nuova ricognizione V7.2;Confermata su fonte ASL corrente;https://asl.vt.it/centro-diurno-dsm;2026-09-20;"Scheda sede aggiornata 2023; DSM aziendale risulta aggiornato maggio 2026."
PUB72-VT-003;Centro Diurno DSM Civita Castellana;ASL Viterbo;Centro diurno;Civita Castellana;Viale Enrico Minio;0761592400 / 2401 / 2403;;Riabilitazione terapeutico-riabilitativa semiresidenziale;Sede specifica — fonte istituzionale ASL;Invio CSM nell’ambito del PTRI;"lun/ven/sab 08:00-14:00; mar 08:30-15:30";https://asl.vt.it/centro-diurno-dsm;Gestione diretta ASL;Ricontrollata nella V7.2;2026-09-20;"Scheda sede aggiornata 2023; DSM aziendale risulta aggiornato maggio 2026.";Nuova ricognizione V7.2;Ricontrollata V7.2;;;;;;;Nuova ricognizione V7.2;Confermata su fonte ASL corrente;https://asl.vt.it/centro-diurno-dsm;2026-09-20;"Scheda sede aggiornata 2023; DSM aziendale risulta aggiornato maggio 2026."
PUB72-VT-004;SRSR H24 Villa San Giuseppe;ASL Viterbo;SRSR H24;Montefiascone;Loc. Le Mosse;07611860406;;Residenzialità socio-riabilitativa H24;Sede specifica — fonte istituzionale ASL;Invio DSM/CSM secondo progetto;;https://asl.vt.it/srsr-strutture-residenziali-socio-riabilitative;Gestione diretta ASL;Ricontrollata nella V7.2;2026-09-20;"Pagina struttura aggiornata 07/09/2023; DSM aziendale aggiornato 04/05/2026 continua a includere SRSR nella rete.";Nuova ricognizione V7.2;Ricontrollata V7.2;;;;;;;Nuova ricognizione V7.2;Confermata su fonte ASL corrente;https://asl.vt.it/srsr-strutture-residenziali-socio-riabilitative;2026-09-20;"Pagina struttura aggiornata 07/09/2023; DSM aziendale aggiornato 04/05/2026 continua a includere SRSR nella rete."
PUB72-VT-005;SRSR Marco Binelli;ASL Viterbo;SRSR;Viterbo;Piazza San Lorenzo;0761092839;;Residenzialità socio-riabilitativa;Sede specifica — fonte istituzionale ASL;Invio DSM/CSM secondo progetto;;https://asl.vt.it/srsr-strutture-residenziali-socio-riabilitative;Gestione diretta ASL;Ricontrollata nella V7.2;2026-09-20;"Pagina struttura aggiornata 07/09/2023; DSM aziendale aggiornato 04/05/2026 continua a includere SRSR nella rete.";Nuova ricognizione V7.2;Ricontrollata V7.2;;;;;;;Nuova ricognizione V7.2;Confermata su fonte ASL corrente;https://asl.vt.it/srsr-strutture-residenziali-socio-riabilitative;2026-09-20;"Pagina struttura aggiornata 07/09/2023; DSM aziendale aggiornato 04/05/2026 continua a includere SRSR nella rete."
PUB72-FR-001;SRTRe Franco Basaglia;ASL Frosinone;SRTRe;Frosinone;Via A. Fabi, snc;0775.8822189;srtr.priori@aslfrosinone.it;Riabilitazione psichiatrica residenziale estensiva;Sede specifica — fonte istituzionale ASL;Invio CSM e idoneità UVM;;https://www.asl.fr.it/wp-content/uploads/avviso-struttura-complessa-RESIDENZIALITA-E-SEMIRESIDENZIALITA.pdf;Gestione diretta ASL;Ricontrollata nella V7.2;2026-09-20;;Nuova ricognizione V7.2;Ricontrollata V7.2;;;;;;;Nuova ricognizione V7.2;Confermata su fonte ASL corrente;https://www.asl.fr.it/wp-content/uploads/avviso-struttura-complessa-RESIDENZIALITA-E-SEMIRESIDENZIALITA.pdf;2026-09-20;Posti documentati: 10. 
PUB72-FR-002;SRTRe Romolo Priori;ASL Frosinone;SRTRe;Frosinone;Via A. Fabi, snc – Palazzina M;0775.8822189;srtr.priori@aslfrosinone.it;Riabilitazione psichiatrica residenziale estensiva;Sede specifica — fonte istituzionale ASL;Invio CSM e idoneità UVM;;https://www.asl.fr.it/wp-content/uploads/avviso-struttura-complessa-RESIDENZIALITA-E-SEMIRESIDENZIALITA.pdf;Gestione diretta ASL;Ricontrollata nella V7.2;2026-09-20;;Nuova ricognizione V7.2;Ricontrollata V7.2;;;;;;;Nuova ricognizione V7.2;Confermata su fonte ASL corrente;https://www.asl.fr.it/wp-content/uploads/avviso-struttura-complessa-RESIDENZIALITA-E-SEMIRESIDENZIALITA.pdf;2026-09-20;Posti documentati: 20. 
PUB72-FR-003;SRTRe Maxwell Jones;ASL Frosinone;SRTRe;Ceccano;Borgo Santa Lucia, 52;0775.6262816 / 2818;srtr.jones@aslfrosinone.it;Riabilitazione psichiatrica residenziale estensiva;Sede specifica — fonte istituzionale ASL;Invio CSM e idoneità UVM;;https://www.asl.fr.it/wp-content/uploads/avviso-struttura-complessa-RESIDENZIALITA-E-SEMIRESIDENZIALITA.pdf;Gestione diretta ASL;Ricontrollata nella V7.2;2026-09-20;;Nuova ricognizione V7.2;Ricontrollata V7.2;;;;;;;Nuova ricognizione V7.2;Confermata su fonte ASL corrente;https://www.asl.fr.it/wp-content/uploads/avviso-struttura-complessa-RESIDENZIALITA-E-SEMIRESIDENZIALITA.pdf;2026-09-20;Posti documentati: 20. 
